schema_version,simulator_version,evidence_class,profile,placement,utilization_percent,jitter,source_symbols,seed,arm,execution_variant,barrier_completion_ns,sender_completion_ns,modeled_egress_nano_usd,foreground_egress_wire_bytes,total_emissions,application_drops,link_drops,maximum_mailbox_high_water
1,0.1.0,model-level realistic-envelope evidence; not a WAN measurement,digitalocean-like,west-origin,30,true,8192,0,Cloudcast POLICY on wansim transport,Cloudcast POLICY on wansim transport,1859703413,1911870867,155329,25887804,8192,0,0,10447
1,0.1.0,model-level realistic-envelope evidence; not a WAN measurement,digitalocean-like,west-origin,30,true,8192,0,pooled-FEC carousel on wansim transport,carousel,1700254157,1761505910,1939372,240643153,151548,0,0,42510
1,0.1.0,model-level realistic-envelope evidence; not a WAN measurement,digitalocean-like,west-origin,30,true,8192,0,per-stripe FEC on wansim transport,per-stripe-fec,1731757632,1785026970,1939257,240631565,150524,0,0,42512
1,0.1.0,model-level realistic-envelope evidence; not a WAN measurement,digitalocean-like,west-origin,30,true,8192,0,best-single tree on wansim transport,best-single-tree1,1847172579,1899374053,1281198,128119921,77822,0,0,24350
1,0.1.0,model-level realistic-envelope evidence; not a WAN measurement,digitalocean-like,west-origin,30,true,8192,1,Cloudcast POLICY on wansim transport,Cloudcast POLICY on wansim transport,1864043242,1916075114,155329,25887804,8192,0,0,10390
1,0.1.0,model-level realistic-envelope evidence; not a WAN measurement,digitalocean-like,west-origin,30,true,8192,1,pooled-FEC carousel on wansim transport,carousel,1709349308,1768708729,1913627,237957636,151548,0,0,43634
1,0.1.0,model-level realistic-envelope evidence; not a WAN measurement,digitalocean-like,west-origin,30,true,8192,1,per-stripe FEC on wansim transport,per-stripe-fec,1737483748,1788792613,1913521,237947068,150524,0,0,43626
1,0.1.0,model-level realistic-envelope evidence; not a WAN measurement,digitalocean-like,west-origin,30,true,8192,1,best-single tree on wansim transport,best-single-tree1,1852402676,1904788333,1468691,146869244,77822,0,0,26735
1,0.1.0,model-level realistic-envelope evidence; not a WAN measurement,digitalocean-like,west-origin,30,true,8192,2,Cloudcast POLICY on wansim transport,Cloudcast POLICY on wansim transport,1869829427,1922996543,155329,25887804,8192,0,0,10538
1,0.1.0,model-level realistic-envelope evidence; not a WAN measurement,digitalocean-like,west-origin,30,true,8192,2,pooled-FEC carousel on wansim transport,carousel,1714217983,1775758818,1885409,235122792,142282,0,896,42643
1,0.1.0,model-level realistic-envelope evidence; not a WAN measurement,digitalocean-like,west-origin,30,true,8192,2,per-stripe FEC on wansim transport,per-stripe-fec,1741561983,1795118530,1885299,235111792,142283,0,895,42641
1,0.1.0,model-level realistic-envelope evidence; not a WAN measurement,digitalocean-like,west-origin,30,true,8192,2,best-single tree on wansim transport,best-single-tree1,1856008345,1909177017,1456575,145657588,77822,0,0,27263
1,0.1.0,model-level realistic-envelope evidence; not a WAN measurement,digitalocean-like,west-origin,30,true,8192,3,Cloudcast POLICY on wansim transport,Cloudcast POLICY on wansim transport,1858094052,1910127268,155329,25887804,8192,0,0,10556
1,0.1.0,model-level realistic-envelope evidence; not a WAN measurement,digitalocean-like,west-origin,30,true,8192,3,pooled-FEC carousel on wansim transport,carousel,1703359512,1764395297,1911152,237862696,136113,0,1044,44482
1,0.1.0,model-level realistic-envelope evidence; not a WAN measurement,digitalocean-like,west-origin,30,true,8192,3,per-stripe FEC on wansim transport,per-stripe-fec,1731246104,1784051837,1911030,237850592,136111,0,1047,44474
1,0.1.0,model-level realistic-envelope evidence; not a WAN measurement,digitalocean-like,west-origin,30,true,8192,3,best-single tree on wansim transport,best-single-tree1,1846906026,1898916908,1281197,128119840,77822,0,0,25269
1,0.1.0,model-level realistic-envelope evidence; not a WAN measurement,digitalocean-like,west-origin,30,true,8192,4,Cloudcast POLICY on wansim transport,Cloudcast POLICY on wansim transport,1863597315,1917416774,155329,25887804,8192,0,0,10608
1,0.1.0,model-level realistic-envelope evidence; not a WAN measurement,digitalocean-like,west-origin,30,true,8192,4,pooled-FEC carousel on wansim transport,carousel,1711553462,1771262673,1900581,236499771,151548,0,0,45908
1,0.1.0,model-level realistic-envelope evidence; not a WAN measurement,digitalocean-like,west-origin,30,true,8192,4,per-stripe FEC on wansim transport,per-stripe-fec,1738656606,1790319135,1900467,236488419,150524,0,0,45911
1,0.1.0,model-level realistic-envelope evidence; not a WAN measurement,digitalocean-like,west-origin,30,true,8192,4,best-single tree on wansim transport,best-single-tree1,1854172218,1907991677,1456726,145672708,77822,0,0,26466
1,0.1.0,model-level realistic-envelope evidence; not a WAN measurement,digitalocean-like,west-origin,30,true,8192,5,Cloudcast POLICY on wansim transport,Cloudcast POLICY on wansim transport,1858409142,1910858463,155329,25887804,8192,0,0,10399
1,0.1.0,model-level realistic-envelope evidence; not a WAN measurement,digitalocean-like,west-origin,30,true,8192,5,pooled-FEC carousel on wansim transport,carousel,1710096321,1772361965,1907457,237622464,140239,0,635,44389
1,0.1.0,model-level realistic-envelope evidence; not a WAN measurement,digitalocean-like,west-origin,30,true,8192,5,per-stripe FEC on wansim transport,per-stripe-fec,1730255975,1785300843,1907349,237611736,140241,0,635,44401
1,0.1.0,model-level realistic-envelope evidence; not a WAN measurement,digitalocean-like,west-origin,30,true,8192,5,best-single tree on wansim transport,best-single-tree1,1848710183,1900921343,1462526,146252697,77822,0,0,27182
1,0.1.0,model-level realistic-envelope evidence; not a WAN measurement,digitalocean-like,west-origin,30,true,8192,6,Cloudcast POLICY on wansim transport,Cloudcast POLICY on wansim transport,1854828050,1908262477,155329,25887804,8192,0,0,10333
1,0.1.0,model-level realistic-envelope evidence; not a WAN measurement,digitalocean-like,west-origin,30,true,8192,6,pooled-FEC carousel on wansim transport,carousel,1698419929,1760263513,1577904,181058282,102374,0,535,32864
1,0.1.0,model-level realistic-envelope evidence; not a WAN measurement,digitalocean-like,west-origin,30,true,8192,6,per-stripe FEC on wansim transport,per-stripe-fec,1728409114,1782319984,1577786,181046458,101350,0,537,32864
1,0.1.0,model-level realistic-envelope evidence; not a WAN measurement,digitalocean-like,west-origin,30,true,8192,6,best-single tree on wansim transport,best-single-tree1,1839872062,1893477833,1283049,128305055,77822,0,0,25503
1,0.1.0,model-level realistic-envelope evidence; not a WAN measurement,digitalocean-like,west-origin,30,true,8192,7,Cloudcast POLICY on wansim transport,Cloudcast POLICY on wansim transport,1863848980,1915357377,155329,25887804,8192,0,0,10345
1,0.1.0,model-level realistic-envelope evidence; not a WAN measurement,digitalocean-like,west-origin,30,true,8192,7,pooled-FEC carousel on wansim transport,carousel,1712542997,1772994901,1897221,236138443,151548,0,0,44325
1,0.1.0,model-level realistic-envelope evidence; not a WAN measurement,digitalocean-like,west-origin,30,true,8192,7,per-stripe FEC on wansim transport,per-stripe-fec,1741462344,1795341489,1897118,236128071,149602,0,0,44320
1,0.1.0,model-level realistic-envelope evidence; not a WAN measurement,digitalocean-like,west-origin,30,true,8192,7,best-single tree on wansim transport,best-single-tree1,1858848155,1910357535,1454510,145451084,77822,0,0,24827
1,0.1.0,model-level realistic-envelope evidence; not a WAN measurement,digitalocean-like,west-origin,30,true,8192,8,Cloudcast POLICY on wansim transport,Cloudcast POLICY on wansim transport,1874550932,1928812996,155329,25887804,8192,0,0,10481
1,0.1.0,model-level realistic-envelope evidence; not a WAN measurement,digitalocean-like,west-origin,30,true,8192,8,pooled-FEC carousel on wansim transport,carousel,1725267928,1786960513,1629963,194473158,113292,0,759,41446
1,0.1.0,model-level realistic-envelope evidence; not a WAN measurement,digitalocean-like,west-origin,30,true,8192,8,per-stripe FEC on wansim transport,per-stripe-fec,1750643928,1804131691,1789081,212973676,112268,0,759,41435
1,0.1.0,model-level realistic-envelope evidence; not a WAN measurement,digitalocean-like,west-origin,30,true,8192,8,best-single tree on wansim transport,best-single-tree1,1864706416,1918970148,1454291,145429260,77822,0,0,27170
1,0.1.0,model-level realistic-envelope evidence; not a WAN measurement,digitalocean-like,west-origin,30,true,8192,9,Cloudcast POLICY on wansim transport,Cloudcast POLICY on wansim transport,1828533019,1879860509,155329,25887804,8192,0,0,10485
1,0.1.0,model-level realistic-envelope evidence; not a WAN measurement,digitalocean-like,west-origin,30,true,8192,9,pooled-FEC carousel on wansim transport,carousel,1678118322,1736667492,1828294,220004783,119353,0,421,44057
1,0.1.0,model-level realistic-envelope evidence; not a WAN measurement,digitalocean-like,west-origin,30,true,8192,9,per-stripe FEC on wansim transport,per-stripe-fec,1705958322,1756475083,1828185,219993935,118329,0,420,44047
1,0.1.0,model-level realistic-envelope evidence; not a WAN measurement,digitalocean-like,west-origin,30,true,8192,9,best-single tree on wansim transport,best-single-tree1,1818549320,1869878196,1323757,132375810,77822,0,0,26066
1,0.1.0,model-level realistic-envelope evidence; not a WAN measurement,digitalocean-like,west-origin,30,true,8192,10,Cloudcast POLICY on wansim transport,Cloudcast POLICY on wansim transport,1847778162,1900985522,155329,25887804,8192,0,0,10451
1,0.1.0,model-level realistic-envelope evidence; not a WAN measurement,digitalocean-like,west-origin,30,true,8192,10,pooled-FEC carousel on wansim transport,carousel,1696758810,1757504077,1706880,201760067,111779,0,363,41660
1,0.1.0,model-level realistic-envelope evidence; not a WAN measurement,digitalocean-like,west-origin,30,true,8192,10,per-stripe FEC on wansim transport,per-stripe-fec,1722325071,1775028354,1706789,201752155,110757,0,364,41664
1,0.1.0,model-level realistic-envelope evidence; not a WAN measurement,digitalocean-like,west-origin,30,true,8192,10,best-single tree on wansim transport,best-single-tree1,1841086216,1894293576,1282216,128221745,77822,0,0,24666
1,0.1.0,model-level realistic-envelope evidence; not a WAN measurement,digitalocean-like,west-origin,30,true,8192,11,Cloudcast POLICY on wansim transport,Cloudcast POLICY on wansim transport,1859844977,1910790439,155329,25887804,8192,0,0,10460
1,0.1.0,model-level realistic-envelope evidence; not a WAN measurement,digitalocean-like,west-origin,30,true,8192,11,pooled-FEC carousel on wansim transport,carousel,1709438475,1767315888,1914571,238176299,151548,0,0,45565
1,0.1.0,model-level realistic-envelope evidence; not a WAN measurement,digitalocean-like,west-origin,30,true,8192,11,per-stripe FEC on wansim transport,per-stripe-fec,1732430475,1782246299,1914454,238164555,150524,0,0,45564
1,0.1.0,model-level realistic-envelope evidence; not a WAN measurement,digitalocean-like,west-origin,30,true,8192,11,best-single tree on wansim transport,best-single-tree1,1849037182,1900127740,1471589,147159044,77822,0,0,27018
1,0.1.0,model-level realistic-envelope evidence; not a WAN measurement,digitalocean-like,west-origin,30,true,8192,12,Cloudcast POLICY on wansim transport,Cloudcast POLICY on wansim transport,1865293151,1918848311,155329,25887804,8192,0,0,10872
1,0.1.0,model-level realistic-envelope evidence; not a WAN measurement,digitalocean-like,west-origin,30,true,8192,12,pooled-FEC carousel on wansim transport,carousel,1712123528,1771278454,1906585,237239427,151548,0,0,45202
1,0.1.0,model-level realistic-envelope evidence; not a WAN measurement,digitalocean-like,west-origin,30,true,8192,12,per-stripe FEC on wansim transport,per-stripe-fec,1740411528,1791647021,1906484,237229323,150524,0,0,45201
1,0.1.0,model-level realistic-envelope evidence; not a WAN measurement,digitalocean-like,west-origin,30,true,8192,12,best-single tree on wansim transport,best-single-tree1,1853808229,1907363389,1463184,146318539,77822,0,0,26529
1,0.1.0,model-level realistic-envelope evidence; not a WAN measurement,digitalocean-like,west-origin,30,true,8192,13,Cloudcast POLICY on wansim transport,Cloudcast POLICY on wansim transport,1844762086,1898739487,155329,25887804,8192,0,0,10319
1,0.1.0,model-level realistic-envelope evidence; not a WAN measurement,digitalocean-like,west-origin,30,true,8192,13,pooled-FEC carousel on wansim transport,carousel,1689597919,1750747908,1968878,244450820,151548,0,0,45169
1,0.1.0,model-level realistic-envelope evidence; not a WAN measurement,digitalocean-like,west-origin,30,true,8192,13,per-stripe FEC on wansim transport,per-stripe-fec,1717100277,1770174939,1968783,244442032,149500,0,0,45167
1,0.1.0,model-level realistic-envelope evidence; not a WAN measurement,digitalocean-like,west-origin,30,true,8192,13,best-single tree on wansim transport,best-single-tree1,1834655528,1888634933,1288003,128800409,77822,0,0,24978
1,0.1.0,model-level realistic-envelope evidence; not a WAN measurement,digitalocean-like,west-origin,30,true,8192,14,Cloudcast POLICY on wansim transport,Cloudcast POLICY on wansim transport,1866368998,1916847276,155329,25887804,8192,0,0,10444
1,0.1.0,model-level realistic-envelope evidence; not a WAN measurement,digitalocean-like,west-origin,30,true,8192,14,pooled-FEC carousel on wansim transport,carousel,1714684332,1776834383,1895163,235907215,151548,0,0,42137
1,0.1.0,model-level realistic-envelope evidence; not a WAN measurement,digitalocean-like,west-origin,30,true,8192,14,per-stripe FEC on wansim transport,per-stripe-fec,1742620332,1796754609,1895059,235896799,150524,0,0,42129
1,0.1.0,model-level realistic-envelope evidence; not a WAN measurement,digitalocean-like,west-origin,30,true,8192,14,best-single tree on wansim transport,best-single-tree1,1854882188,1905360466,1463101,146310236,77822,0,0,26830
1,0.1.0,model-level realistic-envelope evidence; not a WAN measurement,digitalocean-like,west-origin,30,true,8192,15,Cloudcast POLICY on wansim transport,Cloudcast POLICY on wansim transport,1872664805,1926122888,155329,25887804,8192,0,0,10185
1,0.1.0,model-level realistic-envelope evidence; not a WAN measurement,digitalocean-like,west-origin,30,true,8192,15,pooled-FEC carousel on wansim transport,carousel,1716216755,1776841145,1885721,234525817,151548,0,0,46647
1,0.1.0,model-level realistic-envelope evidence; not a WAN measurement,digitalocean-like,west-origin,30,true,8192,15,per-stripe FEC on wansim transport,per-stripe-fec,1744646983,1797287984,1885621,234515841,150524,0,0,46644
1,0.1.0,model-level realistic-envelope evidence; not a WAN measurement,digitalocean-like,west-origin,30,true,8192,15,best-single tree on wansim transport,best-single-tree1,1861854005,1915312088,1455869,145587003,77822,0,0,26715
1,0.1.0,model-level realistic-envelope evidence; not a WAN measurement,digitalocean-like,west-origin,70,true,8192,0,Cloudcast POLICY on wansim transport,Cloudcast POLICY on wansim transport,1859786027,1911953481,155329,25887804,8192,0,0,10320
1,0.1.0,model-level realistic-envelope evidence; not a WAN measurement,digitalocean-like,west-origin,70,true,8192,0,pooled-FEC carousel on wansim transport,carousel,1700516988,1761705022,1602694,186573150,104952,0,578,36265
1,0.1.0,model-level realistic-envelope evidence; not a WAN measurement,digitalocean-like,west-origin,70,true,8192,0,per-stripe FEC on wansim transport,per-stripe-fec,1731901682,1785107851,1602578,186561562,103928,0,578,36261
1,0.1.0,model-level realistic-envelope evidence; not a WAN measurement,digitalocean-like,west-origin,70,true,8192,0,best-single tree on wansim transport,best-single-tree1,1847447767,1899649241,1281197,128119840,77822,0,0,24530
1,0.1.0,model-level realistic-envelope evidence; not a WAN measurement,digitalocean-like,west-origin,70,true,8192,1,Cloudcast POLICY on wansim transport,Cloudcast POLICY on wansim transport,1866925535,1918957407,155329,25887804,8192,0,0,10656
1,0.1.0,model-level realistic-envelope evidence; not a WAN measurement,digitalocean-like,west-origin,70,true,8192,1,pooled-FEC carousel on wansim transport,carousel,1709345380,1768708729,1565048,181570098,103796,0,77,35619
1,0.1.0,model-level realistic-envelope evidence; not a WAN measurement,digitalocean-like,west-origin,70,true,8192,1,per-stripe FEC on wansim transport,per-stripe-fec,1739186496,1790497041,1564938,181559050,102772,0,77,35618
1,0.1.0,model-level realistic-envelope evidence; not a WAN measurement,digitalocean-like,west-origin,70,true,8192,1,best-single tree on wansim transport,best-single-tree1,1852401704,1906879541,1468378,146837939,77822,0,0,26672
1,0.1.0,model-level realistic-envelope evidence; not a WAN measurement,digitalocean-like,west-origin,70,true,8192,2,Cloudcast POLICY on wansim transport,Cloudcast POLICY on wansim transport,1870007240,1923174356,155329,25887804,8192,0,0,10705
1,0.1.0,model-level realistic-envelope evidence; not a WAN measurement,digitalocean-like,west-origin,70,true,8192,2,pooled-FEC carousel on wansim transport,carousel,1714216430,1775757585,1879317,234489940,132918,0,982,43861
1,0.1.0,model-level realistic-envelope evidence; not a WAN measurement,digitalocean-like,west-origin,70,true,8192,2,per-stripe FEC on wansim transport,per-stripe-fec,1741560430,1795116977,1879207,234478936,132919,0,985,43874
1,0.1.0,model-level realistic-envelope evidence; not a WAN measurement,digitalocean-like,west-origin,70,true,8192,2,best-single tree on wansim transport,best-single-tree1,1856008345,1909177017,1455246,145524763,77822,0,0,26902
1,0.1.0,model-level realistic-envelope evidence; not a WAN measurement,digitalocean-like,west-origin,70,true,8192,3,Cloudcast POLICY on wansim transport,Cloudcast POLICY on wansim transport,1858226581,1910259797,155329,25887804,8192,0,0,10288
1,0.1.0,model-level realistic-envelope evidence; not a WAN measurement,digitalocean-like,west-origin,70,true,8192,3,pooled-FEC carousel on wansim transport,carousel,1704592497,1765404204,1158383,145028384,65886,0,1769,36507
1,0.1.0,model-level realistic-envelope evidence; not a WAN measurement,digitalocean-like,west-origin,70,true,8192,3,per-stripe FEC on wansim transport,per-stripe-fec,1732483866,1785291658,1158263,145015848,65886,0,1768,36500
1,0.1.0,model-level realistic-envelope evidence; not a WAN measurement,digitalocean-like,west-origin,70,true,8192,3,best-single tree on wansim transport,best-single-tree1,1847916139,1900109995,1466168,146616938,77822,0,0,27021
1,0.1.0,model-level realistic-envelope evidence; not a WAN measurement,digitalocean-like,west-origin,70,true,8192,4,Cloudcast POLICY on wansim transport,Cloudcast POLICY on wansim transport,1864355094,1918613322,155329,25887804,8192,0,0,10487
1,0.1.0,model-level realistic-envelope evidence; not a WAN measurement,digitalocean-like,west-origin,70,true,8192,4,pooled-FEC carousel on wansim transport,carousel,1712969425,1773471708,1079961,133922112,61181,0,437,33426
1,0.1.0,model-level realistic-envelope evidence; not a WAN measurement,digitalocean-like,west-origin,70,true,8192,4,per-stripe FEC on wansim transport,per-stripe-fec,1740073425,1791735954,1079850,133911072,61181,0,437,33426
1,0.1.0,model-level realistic-envelope evidence; not a WAN measurement,digitalocean-like,west-origin,70,true,8192,4,best-single tree on wansim transport,best-single-tree1,1855582676,1909402135,1452282,145228314,77822,0,0,26696
1,0.1.0,model-level realistic-envelope evidence; not a WAN measurement,digitalocean-like,west-origin,70,true,8192,5,Cloudcast POLICY on wansim transport,Cloudcast POLICY on wansim transport,1859804947,1912254268,155329,25887804,8192,0,0,10382
1,0.1.0,model-level realistic-envelope evidence; not a WAN measurement,digitalocean-like,west-origin,70,true,8192,5,pooled-FEC carousel on wansim transport,carousel,1710379916,1772661965,1225073,169102238,99388,0,786,39387
1,0.1.0,model-level realistic-envelope evidence; not a WAN measurement,digitalocean-like,west-origin,70,true,8192,5,per-stripe FEC on wansim transport,per-stripe-fec,1743243916,1797505737,1225041,169099042,99390,0,785,39393
1,0.1.0,model-level realistic-envelope evidence; not a WAN measurement,digitalocean-like,west-origin,70,true,8192,5,best-single tree on wansim transport,best-single-tree1,1849006848,1901218008,1460529,146053065,77822,0,0,27490
1,0.1.0,model-level realistic-envelope evidence; not a WAN measurement,digitalocean-like,west-origin,70,true,8192,6,Cloudcast POLICY on wansim transport,Cloudcast POLICY on wansim transport,1854830038,1908314926,155329,25887804,8192,0,0,10319
1,0.1.0,model-level realistic-envelope evidence; not a WAN measurement,digitalocean-like,west-origin,70,true,8192,6,pooled-FEC carousel on wansim transport,carousel,1698420244,1760263828,1577386,180960901,102338,0,704,36379
1,0.1.0,model-level realistic-envelope evidence; not a WAN measurement,digitalocean-like,west-origin,70,true,8192,6,per-stripe FEC on wansim transport,per-stripe-fec,1728411858,1783061976,1577284,180953233,101316,0,702,36372
1,0.1.0,model-level realistic-envelope evidence; not a WAN measurement,digitalocean-like,west-origin,70,true,8192,6,best-single tree on wansim transport,best-single-tree1,1839872877,1893478648,1283048,128304933,77822,0,0,25034
1,0.1.0,model-level realistic-envelope evidence; not a WAN measurement,digitalocean-like,west-origin,70,true,8192,7,Cloudcast POLICY on wansim transport,Cloudcast POLICY on wansim transport,1866287423,1918804701,155329,25887804,8192,0,0,10370
1,0.1.0,model-level realistic-envelope evidence; not a WAN measurement,digitalocean-like,west-origin,70,true,8192,7,pooled-FEC carousel on wansim transport,carousel,1712762512,1773196588,1196583,166227299,98637,0,827,37907
1,0.1.0,model-level realistic-envelope evidence; not a WAN measurement,digitalocean-like,west-origin,70,true,8192,7,per-stripe FEC on wansim transport,per-stripe-fec,1745625648,1798020405,1196504,166219451,98638,0,826,37917
1,0.1.0,model-level realistic-envelope evidence; not a WAN measurement,digitalocean-like,west-origin,70,true,8192,7,best-single tree on wansim transport,best-single-tree1,1859062498,1910571878,777164,77716484,43206,0,171,23090
1,0.1.0,model-level realistic-envelope evidence; not a WAN measurement,digitalocean-like,west-origin,70,true,8192,8,Cloudcast POLICY on wansim transport,Cloudcast POLICY on wansim transport,1877019560,1931281624,155329,25887804,8192,0,0,11090
1,0.1.0,model-level realistic-envelope evidence; not a WAN measurement,digitalocean-like,west-origin,70,true,8192,8,pooled-FEC carousel on wansim transport,carousel,1725940972,1787661157,926552,119881252,56324,0,1183,27246
1,0.1.0,model-level realistic-envelope evidence; not a WAN measurement,digitalocean-like,west-origin,70,true,8192,8,per-stripe FEC on wansim transport,per-stripe-fec,1758804972,1813149047,1020572,130625032,56326,0,1184,27254
1,0.1.0,model-level realistic-envelope evidence; not a WAN measurement,digitalocean-like,west-origin,70,true,8192,8,best-single tree on wansim transport,best-single-tree1,1865381794,1920005109,1453191,145319210,77822,0,0,27466
1,0.1.0,model-level realistic-envelope evidence; not a WAN measurement,digitalocean-like,west-origin,70,true,8192,9,Cloudcast POLICY on wansim transport,Cloudcast POLICY on wansim transport,1828533019,1879860509,155329,25887804,8192,0,0,10475
1,0.1.0,model-level realistic-envelope evidence; not a WAN measurement,digitalocean-like,west-origin,70,true,8192,9,pooled-FEC carousel on wansim transport,carousel,1678115032,1737336086,1197744,150279896,64951,0,1294,36305
1,0.1.0,model-level realistic-envelope evidence; not a WAN measurement,digitalocean-like,west-origin,70,true,8192,9,per-stripe FEC on wansim transport,per-stripe-fec,1705956088,1756677387,1197654,150270872,64952,0,1294,36297
1,0.1.0,model-level realistic-envelope evidence; not a WAN measurement,digitalocean-like,west-origin,70,true,8192,9,best-single tree on wansim transport,best-single-tree1,1818549763,1869878639,1323012,132301289,77822,0,0,26139
1,0.1.0,model-level realistic-envelope evidence; not a WAN measurement,digitalocean-like,west-origin,70,true,8192,10,Cloudcast POLICY on wansim transport,Cloudcast POLICY on wansim transport,1847129109,1900336469,155329,25887804,8192,0,0,10901
1,0.1.0,model-level realistic-envelope evidence; not a WAN measurement,digitalocean-like,west-origin,70,true,8192,10,pooled-FEC carousel on wansim transport,carousel,1692733011,1754134185,1048408,129023736,56831,0,1189,33499
1,0.1.0,model-level realistic-envelope evidence; not a WAN measurement,digitalocean-like,west-origin,70,true,8192,10,per-stripe FEC on wansim transport,per-stripe-fec,1721783424,1776749889,1048462,129062080,56851,0,1188,33467
1,0.1.0,model-level realistic-envelope evidence; not a WAN measurement,digitalocean-like,west-origin,70,true,8192,10,best-single tree on wansim transport,best-single-tree1,1838540701,1891748061,1283478,128347881,77822,0,0,26686
1,0.1.0,model-level realistic-envelope evidence; not a WAN measurement,digitalocean-like,west-origin,70,true,8192,11,Cloudcast POLICY on wansim transport,Cloudcast POLICY on wansim transport,1862753991,1915591068,155329,25887804,8192,0,0,10502
1,0.1.0,model-level realistic-envelope evidence; not a WAN measurement,digitalocean-like,west-origin,70,true,8192,11,pooled-FEC carousel on wansim transport,carousel,1712333924,1770215888,1735344,208740706,119193,0,164,44588
1,0.1.0,model-level realistic-envelope evidence; not a WAN measurement,digitalocean-like,west-origin,70,true,8192,11,per-stripe FEC on wansim transport,per-stripe-fec,1741060183,1790875927,1735241,208730454,118169,0,164,44594
1,0.1.0,model-level realistic-envelope evidence; not a WAN measurement,digitalocean-like,west-origin,70,true,8192,11,best-single tree on wansim transport,best-single-tree1,1851939827,1903803907,1467453,146745450,77822,0,0,27208
1,0.1.0,model-level realistic-envelope evidence; not a WAN measurement,digitalocean-like,west-origin,70,true,8192,12,Cloudcast POLICY on wansim transport,Cloudcast POLICY on wansim transport,1860243987,1915758609,155329,25887804,8192,0,0,10924
1,0.1.0,model-level realistic-envelope evidence; not a WAN measurement,digitalocean-like,west-origin,70,true,8192,12,pooled-FEC carousel on wansim transport,carousel,1712344712,1771577457,951036,122148952,55918,0,300,28544
1,0.1.0,model-level realistic-envelope evidence; not a WAN measurement,digitalocean-like,west-origin,70,true,8192,12,per-stripe FEC on wansim transport,per-stripe-fec,1745208712,1796386025,950932,122138536,55918,0,300,28542
1,0.1.0,model-level realistic-envelope evidence; not a WAN measurement,digitalocean-like,west-origin,70,true,8192,12,best-single tree on wansim transport,best-single-tree1,1854037417,1907592577,1462635,146263611,77822,0,0,26095
1,0.1.0,model-level realistic-envelope evidence; not a WAN measurement,digitalocean-like,west-origin,70,true,8192,13,Cloudcast POLICY on wansim transport,Cloudcast POLICY on wansim transport,1844759638,1898737039,155329,25887804,8192,0,0,10970
1,0.1.0,model-level realistic-envelope evidence; not a WAN measurement,digitalocean-like,west-origin,70,true,8192,13,pooled-FEC carousel on wansim transport,carousel,1689900289,1751045793,1651578,193656167,107073,0,173,40477
1,0.1.0,model-level realistic-envelope evidence; not a WAN measurement,digitalocean-like,west-origin,70,true,8192,13,per-stripe FEC on wansim transport,per-stripe-fec,1720191953,1773948921,1651454,193643827,106049,0,173,40481
1,0.1.0,model-level realistic-envelope evidence; not a WAN measurement,digitalocean-like,west-origin,70,true,8192,13,best-single tree on wansim transport,best-single-tree1,1834786717,1888766122,1287669,128767024,77822,0,0,24827
1,0.1.0,model-level realistic-envelope evidence; not a WAN measurement,digitalocean-like,west-origin,70,true,8192,14,Cloudcast POLICY on wansim transport,Cloudcast POLICY on wansim transport,1867473283,1917951561,155329,25887804,8192,0,0,11304
1,0.1.0,model-level realistic-envelope evidence; not a WAN measurement,digitalocean-like,west-origin,70,true,8192,14,pooled-FEC carousel on wansim transport,carousel,1715990260,1778134383,1690470,208254992,128768,0,1494,47442
1,0.1.0,model-level realistic-envelope evidence; not a WAN measurement,digitalocean-like,west-origin,70,true,8192,14,per-stripe FEC on wansim transport,per-stripe-fec,1743925155,1798059432,1690379,208244896,128770,0,1493,47444
1,0.1.0,model-level realistic-envelope evidence; not a WAN measurement,digitalocean-like,west-origin,70,true,8192,14,best-single tree on wansim transport,best-single-tree1,1856185927,1906664205,1461009,146101045,77822,0,0,27055
1,0.1.0,model-level realistic-envelope evidence; not a WAN measurement,digitalocean-like,west-origin,70,true,8192,15,Cloudcast POLICY on wansim transport,Cloudcast POLICY on wansim transport,1872750194,1926208277,155329,25887804,8192,0,0,10266
1,0.1.0,model-level realistic-envelope evidence; not a WAN measurement,digitalocean-like,west-origin,70,true,8192,15,pooled-FEC carousel on wansim transport,carousel,1716819509,1777441145,1548970,181044837,104860,0,281,38064
1,0.1.0,model-level realistic-envelope evidence; not a WAN measurement,digitalocean-like,west-origin,70,true,8192,15,per-stripe FEC on wansim transport,per-stripe-fec,1745251080,1797892081,1548867,181034545,103836,0,282,38051
1,0.1.0,model-level realistic-envelope evidence; not a WAN measurement,digitalocean-like,west-origin,70,true,8192,15,best-single tree on wansim transport,best-single-tree1,1862458294,1916133198,1452622,145262282,77822,0,0,26461
