schema_version,simulator_version,evidence_class,event_class,count
1,0.1.0,model-level WR failure triage; ideal DoF abstraction; not a WAN measurement,ack_probe_runtime_dispatch,44
1,0.1.0,model-level WR failure triage; ideal DoF abstraction; not a WAN measurement,ack_probe_submitted,44
1,0.1.0,model-level WR failure triage; ideal DoF abstraction; not a WAN measurement,backbone_resource_service_finished,14301894
1,0.1.0,model-level WR failure triage; ideal DoF abstraction; not a WAN measurement,backbone_resource_service_started,14301896
1,0.1.0,model-level WR failure triage; ideal DoF abstraction; not a WAN measurement,background_bytes_delivered,8081
1,0.1.0,model-level WR failure triage; ideal DoF abstraction; not a WAN measurement,background_off,117
1,0.1.0,model-level WR failure triage; ideal DoF abstraction; not a WAN measurement,background_on,115
1,0.1.0,model-level WR failure triage; ideal DoF abstraction; not a WAN measurement,block_ack_received,1027
1,0.1.0,model-level WR failure triage; ideal DoF abstraction; not a WAN measurement,block_ack_submitted,1027
1,0.1.0,model-level WR failure triage; ideal DoF abstraction; not a WAN measurement,carousel_ack_join_noop,582
1,0.1.0,model-level WR failure triage; ideal DoF abstraction; not a WAN measurement,carousel_ack_join_progress,445
1,0.1.0,model-level WR failure triage; ideal DoF abstraction; not a WAN measurement,carousel_liveness_last_ack_progress,1028
1,0.1.0,model-level WR failure triage; ideal DoF abstraction; not a WAN measurement,carousel_liveness_last_ack_seen,1028
1,0.1.0,model-level WR failure triage; ideal DoF abstraction; not a WAN measurement,carousel_liveness_stall_abort,1
1,0.1.0,model-level WR failure triage; ideal DoF abstraction; not a WAN measurement,carousel_progress_observed,228902
1,0.1.0,model-level WR failure triage; ideal DoF abstraction; not a WAN measurement,child_ack_arrival,2584161
1,0.1.0,model-level WR failure triage; ideal DoF abstraction; not a WAN measurement,child_admission_blocked,2279372
1,0.1.0,model-level WR failure triage; ideal DoF abstraction; not a WAN measurement,child_queue_admit,524288
1,0.1.0,model-level WR failure triage; ideal DoF abstraction; not a WAN measurement,child_segment_emit,2069537
1,0.1.0,model-level WR failure triage; ideal DoF abstraction; not a WAN measurement,child_socket_write,1390131
1,0.1.0,model-level WR failure triage; ideal DoF abstraction; not a WAN measurement,data_frame_emitted,131072
1,0.1.0,model-level WR failure triage; ideal DoF abstraction; not a WAN measurement,data_inbox_drop_after_tcp_ack,164314
1,0.1.0,model-level WR failure triage; ideal DoF abstraction; not a WAN measurement,data_inbox_enqueue,228902
1,0.1.0,model-level WR failure triage; ideal DoF abstraction; not a WAN measurement,decoder_sink_complete,228902
1,0.1.0,model-level WR failure triage; ideal DoF abstraction; not a WAN measurement,dispatch_backbone_propagation_complete,14301862
1,0.1.0,model-level WR failure triage; ideal DoF abstraction; not a WAN measurement,dispatch_backbone_receive,5479185
1,0.1.0,model-level WR failure triage; ideal DoF abstraction; not a WAN measurement,dispatch_backbone_resolve_timestamp,27367271
1,0.1.0,model-level WR failure triage; ideal DoF abstraction; not a WAN measurement,dispatch_backbone_sample,2400
1,0.1.0,model-level WR failure triage; ideal DoF abstraction; not a WAN measurement,dispatch_backbone_service_deadline,14301894
1,0.1.0,model-level WR failure triage; ideal DoF abstraction; not a WAN measurement,dispatch_background_network_packet,24237
1,0.1.0,model-level WR failure triage; ideal DoF abstraction; not a WAN measurement,dispatch_background_start,8
1,0.1.0,model-level WR failure triage; ideal DoF abstraction; not a WAN measurement,dispatch_background_timer,19192
1,0.1.0,model-level WR failure triage; ideal DoF abstraction; not a WAN measurement,dispatch_receiver_control_packet,2097
1,0.1.0,model-level WR failure triage; ideal DoF abstraction; not a WAN measurement,dispatch_receiver_data_segment,625573
1,0.1.0,model-level WR failure triage; ideal DoF abstraction; not a WAN measurement,dispatch_receiver_decoder_finish,228902
1,0.1.0,model-level WR failure triage; ideal DoF abstraction; not a WAN measurement,dispatch_receiver_runtime_service,393260
1,0.1.0,model-level WR failure triage; ideal DoF abstraction; not a WAN measurement,dispatch_receiver_start,3
1,0.1.0,model-level WR failure triage; ideal DoF abstraction; not a WAN measurement,dispatch_receiver_timer,690000
1,0.1.0,model-level WR failure triage; ideal DoF abstraction; not a WAN measurement,dispatch_relay_child_ack,2584161
1,0.1.0,model-level WR failure triage; ideal DoF abstraction; not a WAN measurement,dispatch_relay_start,4
1,0.1.0,model-level WR failure triage; ideal DoF abstraction; not a WAN measurement,dispatch_relay_timer,273412
1,0.1.0,model-level WR failure triage; ideal DoF abstraction; not a WAN measurement,dispatch_relay_upstream_segment,1773091
1,0.1.0,model-level WR failure triage; ideal DoF abstraction; not a WAN measurement,dispatch_source_control_packet,1118
1,0.1.0,model-level WR failure triage; ideal DoF abstraction; not a WAN measurement,dispatch_source_data_ack,459934
1,0.1.0,model-level WR failure triage; ideal DoF abstraction; not a WAN measurement,dispatch_source_drive,691025
1,0.1.0,model-level WR failure triage; ideal DoF abstraction; not a WAN measurement,dispatch_source_start,1
1,0.1.0,model-level WR failure triage; ideal DoF abstraction; not a WAN measurement,dispatch_source_timer,230000
1,0.1.0,model-level WR failure triage; ideal DoF abstraction; not a WAN measurement,fanout_child_configured,8
1,0.1.0,model-level WR failure triage; ideal DoF abstraction; not a WAN measurement,fanout_parent_configured,8
1,0.1.0,model-level WR failure triage; ideal DoF abstraction; not a WAN measurement,frame_assembled,262144
1,0.1.0,model-level WR failure triage; ideal DoF abstraction; not a WAN measurement,mailbox_high_water,17
1,0.1.0,model-level WR failure triage; ideal DoF abstraction; not a WAN measurement,protocol_control_submitted,1027
1,0.1.0,model-level WR failure triage; ideal DoF abstraction; not a WAN measurement,protocol_local_complete,2
1,0.1.0,model-level WR failure triage; ideal DoF abstraction; not a WAN measurement,queue_drop,8939
1,0.1.0,model-level WR failure triage; ideal DoF abstraction; not a WAN measurement,runtime_command_dispatch,393260
1,0.1.0,model-level WR failure triage; ideal DoF abstraction; not a WAN measurement,runtime_command_enqueue_data,393216
1,0.1.0,model-level WR failure triage; ideal DoF abstraction; not a WAN measurement,single_worker,1
1,0.1.0,model-level WR failure triage; ideal DoF abstraction; not a WAN measurement,upstream_ack_emit,2025300
1,0.1.0,model-level WR failure triage; ideal DoF abstraction; not a WAN measurement,upstream_socket_read,1610731
1,0.1.0,model-level WR failure triage; ideal DoF abstraction; not a WAN measurement,wr_backbone_exit,5470211
1,0.1.0,model-level WR failure triage; ideal DoF abstraction; not a WAN measurement,wr_concurrent_sessions,1
1,0.1.0,model-level WR failure triage; ideal DoF abstraction; not a WAN measurement,wr_resource_queue_high_water,34002
1,0.1.0,model-level WR failure triage; ideal DoF abstraction; not a WAN measurement,wr_resource_sample,38400
1,0.1.0,model-level WR failure triage; ideal DoF abstraction; not a WAN measurement,wr_tree_rate_sample,4800
