schema_version,simulator_version,evidence_class,bucket_start_ns,bucket_end_ns,source_emissions,slow_receiver_data_frame_arrivals,slow_receiver_inbox_accepts,slow_receiver_inbox_drops,slow_receiver_decoder_completions,innovative_rank_advance,rank_at_bucket_end,quantized_receiver_watermark_at_bucket_end,block_ack_emissions,sender_ack_joins,sender_progress_joins,sender_joined_watermark_at_bucket_end,last_ack_seen_ns,last_ack_progress_ns,silence_clock_age_ns,progress_clock_age_ns,stall_budget_remaining_ns,liveness_abort
1,0.1.0,model-level WR failure triage; ideal DoF abstraction; not a WAN measurement,1000000000,1250000000,16428,60,60,0,57,57,57,3,8,5,1,1,1217598750,1207750526,32401250,42249474,14957750526,false
1,0.1.0,model-level WR failure triage; ideal DoF abstraction; not a WAN measurement,1250000000,1500000000,464,704,317,387,216,216,273,16,25,24,12,13,1489108073,1486534016,10891927,13465984,14986534016,false
1,0.1.0,model-level WR failure triage; ideal DoF abstraction; not a WAN measurement,1500000000,1750000000,7680,9489,275,9200,250,250,523,30,28,28,15,28,1741146590,1740464431,8853410,9535569,14990464431,false
1,0.1.0,model-level WR failure triage; ideal DoF abstraction; not a WAN measurement,1750000000,2000000000,29087,27165,250,26803,250,250,773,45,27,28,15,43,1993323250,1993323250,6676750,6676750,14993323250,false
1,0.1.0,model-level WR failure triage; ideal DoF abstraction; not a WAN measurement,2000000000,2250000000,23008,14938,250,14813,250,250,1023,60,28,28,15,58,2245659559,2245659559,4340441,4340441,14995659559,false
1,0.1.0,model-level WR failure triage; ideal DoF abstraction; not a WAN measurement,2250000000,2500000000,17954,18200,196,18005,250,250,1273,74,28,27,14,72,2493760950,2493760950,6239050,6239050,14993760950,false
1,0.1.0,model-level WR failure triage; ideal DoF abstraction; not a WAN measurement,2500000000,2750000000,0,1536,199,1337,240,240,1513,89,27,28,15,87,2748260797,2748260797,1739203,1739203,14998260797,false
1,0.1.0,model-level WR failure triage; ideal DoF abstraction; not a WAN measurement,2750000000,3000000000,683,7048,341,6706,246,246,1759,103,28,28,14,101,2995949761,2986949761,4050239,13050239,14986949761,false
1,0.1.0,model-level WR failure triage; ideal DoF abstraction; not a WAN measurement,3000000000,3250000000,10917,14001,135,13867,250,250,2009,118,28,28,15,116,3248717944,3248717944,1282056,1282056,14998717944,false
1,0.1.0,model-level WR failure triage; ideal DoF abstraction; not a WAN measurement,3250000000,3500000000,4558,0,0,0,14,14,2023,119,2,5,3,119,3295872033,3295872033,204127967,204127967,14795872033,false
1,0.1.0,model-level WR failure triage; ideal DoF abstraction; not a WAN measurement,3500000000,3750000000,4574,0,0,0,0,0,2023,119,2,2,0,119,3605286800,3295872033,144713200,454127967,14545872033,false
1,0.1.0,model-level WR failure triage; ideal DoF abstraction; not a WAN measurement,3750000000,4000000000,4591,0,0,0,0,0,2023,119,2,2,0,119,3913531196,3295872033,86468804,704127967,14295872033,false
1,0.1.0,model-level WR failure triage; ideal DoF abstraction; not a WAN measurement,4000000000,4250000000,4576,5000,365,4635,240,240,2263,133,26,23,12,131,4248244467,4248244467,1755533,1755533,14998244467,false
1,0.1.0,model-level WR failure triage; ideal DoF abstraction; not a WAN measurement,4250000000,4500000000,4082,1319,250,1069,250,250,2513,147,28,28,15,146,4498963510,4498963510,1036490,1036490,14998963510,false
1,0.1.0,model-level WR failure triage; ideal DoF abstraction; not a WAN measurement,4500000000,4750000000,2470,2917,252,2665,250,250,2763,162,28,27,14,160,4749362649,4749362649,637351,637351,14999362649,false
1,0.1.0,model-level WR failure triage; ideal DoF abstraction; not a WAN measurement,4750000000,5000000000,0,4910,252,4658,250,250,3013,177,28,28,15,175,4993834614,4993834614,6165386,6165386,14993834614,false
1,0.1.0,model-level WR failure triage; ideal DoF abstraction; not a WAN measurement,5000000000,5250000000,0,6499,250,6247,250,250,3263,191,27,28,14,189,5246476112,5236128960,3523888,13871040,14986128960,false
1,0.1.0,model-level WR failure triage; ideal DoF abstraction; not a WAN measurement,5250000000,5500000000,0,985,180,807,250,250,3513,206,28,28,15,204,5496153721,5492016010,3846279,7983990,14992016010,false
1,0.1.0,model-level WR failure triage; ideal DoF abstraction; not a WAN measurement,5500000000,5750000000,0,1178,251,927,250,250,3763,221,28,28,15,219,5748017820,5740811211,1982180,9188789,14990811211,false
1,0.1.0,model-level WR failure triage; ideal DoF abstraction; not a WAN measurement,5750000000,6000000000,0,1198,251,947,250,250,4013,236,28,26,14,233,5982578468,5982578468,17421532,17421532,14982578468,false
1,0.1.0,model-level WR failure triage; ideal DoF abstraction; not a WAN measurement,6000000000,6250000000,0,1207,255,952,250,250,4263,250,27,29,15,248,6242673119,6241052651,7326881,8947349,14991052651,false
1,0.1.0,model-level WR failure triage; ideal DoF abstraction; not a WAN measurement,6250000000,6500000000,0,1217,258,959,250,250,4513,265,28,28,15,263,6496703094,6485654678,3296906,14345322,14985654678,false
1,0.1.0,model-level WR failure triage; ideal DoF abstraction; not a WAN measurement,6500000000,6750000000,0,1225,252,973,250,250,4763,280,28,27,14,277,6743189228,6736537980,6810772,13462020,14986537980,false
1,0.1.0,model-level WR failure triage; ideal DoF abstraction; not a WAN measurement,6750000000,7000000000,0,1234,256,978,250,250,5013,294,28,28,15,292,6989722806,6981765184,10277194,18234816,14981765184,false
1,0.1.0,model-level WR failure triage; ideal DoF abstraction; not a WAN measurement,7000000000,7250000000,0,1243,253,990,250,250,5263,309,28,27,15,307,7240136893,7240136893,9863107,9863107,14990136893,false
1,0.1.0,model-level WR failure triage; ideal DoF abstraction; not a WAN measurement,7250000000,7500000000,0,1252,258,994,250,250,5513,324,27,29,15,322,7495950822,7495950822,4049178,4049178,14995950822,false
1,0.1.0,model-level WR failure triage; ideal DoF abstraction; not a WAN measurement,7500000000,7750000000,0,1262,255,1007,250,250,5763,339,28,28,15,337,7746191724,7746191724,3808276,3808276,14996191724,false
1,0.1.0,model-level WR failure triage; ideal DoF abstraction; not a WAN measurement,7750000000,8000000000,0,1270,259,1011,250,250,6013,353,28,28,15,352,7997752846,7997752846,2247154,2247154,14997752846,false
1,0.1.0,model-level WR failure triage; ideal DoF abstraction; not a WAN measurement,8000000000,8250000000,0,1279,257,1022,250,250,6263,368,28,27,14,366,8244266894,8244266894,5733106,5733106,14994266894,false
1,0.1.0,model-level WR failure triage; ideal DoF abstraction; not a WAN measurement,8250000000,8500000000,0,1288,262,1026,250,250,6513,383,27,28,15,381,8497417528,8497417528,2582472,2582472,14997417528,false
1,0.1.0,model-level WR failure triage; ideal DoF abstraction; not a WAN measurement,8500000000,8750000000,0,1280,253,1027,250,250,6763,397,28,28,14,395,8745425866,8737492538,4574134,12507462,14987492538,false
1,0.1.0,model-level WR failure triage; ideal DoF abstraction; not a WAN measurement,8750000000,9000000000,0,168,75,93,204,204,6967,409,24,27,14,409,8988826559,8970563230,11173441,29436770,14970563230,false
1,0.1.0,model-level WR failure triage; ideal DoF abstraction; not a WAN measurement,9000000000,9250000000,0,0,0,0,0,0,6967,409,0,0,0,409,8988826559,8970563230,261173441,279436770,14720563230,false
1,0.1.0,model-level WR failure triage; ideal DoF abstraction; not a WAN measurement,9250000000,9500000000,0,0,0,0,0,0,6967,409,2,2,0,409,9299394315,8970563230,200605685,529436770,14470563230,false
1,0.1.0,model-level WR failure triage; ideal DoF abstraction; not a WAN measurement,9500000000,9750000000,0,0,0,0,0,0,6967,409,2,2,0,409,9607493636,8970563230,142506364,779436770,14220563230,false
1,0.1.0,model-level WR failure triage; ideal DoF abstraction; not a WAN measurement,9750000000,10000000000,0,0,0,0,0,0,6967,409,2,2,0,409,9919312191,8970563230,80687809,1029436770,13970563230,false
1,0.1.0,model-level WR failure triage; ideal DoF abstraction; not a WAN measurement,10000000000,10250000000,0,0,0,0,0,0,6967,409,2,2,0,409,10233962444,8970563230,16037556,1279436770,13720563230,false
1,0.1.0,model-level WR failure triage; ideal DoF abstraction; not a WAN measurement,10250000000,10500000000,0,0,0,0,0,0,6967,409,1,1,0,409,10489047218,8970563230,10952782,1529436770,13470563230,false
1,0.1.0,model-level WR failure triage; ideal DoF abstraction; not a WAN measurement,10500000000,10750000000,0,0,0,0,0,0,6967,409,1,1,0,409,10546310239,8970563230,203689761,1779436770,13220563230,false
1,0.1.0,model-level WR failure triage; ideal DoF abstraction; not a WAN measurement,10750000000,11000000000,0,0,0,0,0,0,6967,409,1,1,0,409,10789176275,8970563230,210823725,2029436770,12970563230,false
1,0.1.0,model-level WR failure triage; ideal DoF abstraction; not a WAN measurement,11000000000,11250000000,0,0,0,0,0,0,6967,409,2,2,0,409,11096722441,8970563230,153277559,2279436770,12720563230,false
1,0.1.0,model-level WR failure triage; ideal DoF abstraction; not a WAN measurement,11250000000,11500000000,0,0,0,0,0,0,6967,409,2,2,0,409,11412698373,8970563230,87301627,2529436770,12470563230,false
1,0.1.0,model-level WR failure triage; ideal DoF abstraction; not a WAN measurement,11500000000,11750000000,0,0,0,0,0,0,6967,409,2,2,0,409,11728005961,8970563230,21994039,2779436770,12220563230,false
1,0.1.0,model-level WR failure triage; ideal DoF abstraction; not a WAN measurement,11750000000,12000000000,0,0,0,0,0,0,6967,409,1,1,0,409,11987751289,8970563230,12248711,3029436770,11970563230,false
1,0.1.0,model-level WR failure triage; ideal DoF abstraction; not a WAN measurement,12000000000,12250000000,0,0,0,0,0,0,6967,409,1,1,0,409,12039166672,8970563230,210833328,3279436770,11720563230,false
1,0.1.0,model-level WR failure triage; ideal DoF abstraction; not a WAN measurement,12250000000,12500000000,0,0,0,0,0,0,6967,409,2,2,0,409,12357535782,8970563230,142464218,3529436770,11470563230,false
1,0.1.0,model-level WR failure triage; ideal DoF abstraction; not a WAN measurement,12500000000,12750000000,0,0,0,0,0,0,6967,409,1,1,0,409,12588873436,8970563230,161126564,3779436770,11220563230,false
1,0.1.0,model-level WR failure triage; ideal DoF abstraction; not a WAN measurement,12750000000,13000000000,0,0,0,0,0,0,6967,409,2,2,0,409,12898411887,8970563230,101588113,4029436770,10970563230,false
1,0.1.0,model-level WR failure triage; ideal DoF abstraction; not a WAN measurement,13000000000,13250000000,0,0,0,0,0,0,6967,409,2,2,0,409,13209325859,8970563230,40674141,4279436770,10720563230,false
1,0.1.0,model-level WR failure triage; ideal DoF abstraction; not a WAN measurement,13250000000,13500000000,0,0,0,0,0,0,6967,409,2,1,0,409,13487772033,8970563230,12227967,4529436770,10470563230,false
1,0.1.0,model-level WR failure triage; ideal DoF abstraction; not a WAN measurement,13500000000,13750000000,0,0,0,0,0,0,6967,409,0,1,0,409,13528087946,8970563230,221912054,4779436770,10220563230,false
1,0.1.0,model-level WR failure triage; ideal DoF abstraction; not a WAN measurement,13750000000,14000000000,0,0,0,0,0,0,6967,409,2,2,0,409,13838045845,8970563230,161954155,5029436770,9970563230,false
1,0.1.0,model-level WR failure triage; ideal DoF abstraction; not a WAN measurement,14000000000,14250000000,0,0,0,0,0,0,6967,409,2,2,0,409,14150949789,8970563230,99050211,5279436770,9720563230,false
1,0.1.0,model-level WR failure triage; ideal DoF abstraction; not a WAN measurement,14250000000,14500000000,0,0,0,0,0,0,6967,409,1,1,0,409,14387652960,8970563230,112347040,5529436770,9470563230,false
1,0.1.0,model-level WR failure triage; ideal DoF abstraction; not a WAN measurement,14500000000,14750000000,0,0,0,0,0,0,6967,409,2,2,0,409,14697139863,8970563230,52860137,5779436770,9220563230,false
1,0.1.0,model-level WR failure triage; ideal DoF abstraction; not a WAN measurement,14750000000,15000000000,0,0,0,0,0,0,6967,409,2,1,0,409,14988850554,8970563230,11149446,6029436770,8970563230,false
1,0.1.0,model-level WR failure triage; ideal DoF abstraction; not a WAN measurement,15000000000,15250000000,0,0,0,0,0,0,6967,409,0,1,0,409,15006486089,8970563230,243513911,6279436770,8720563230,false
1,0.1.0,model-level WR failure triage; ideal DoF abstraction; not a WAN measurement,15250000000,15500000000,0,0,0,0,0,0,6967,409,2,2,0,409,15315115639,8970563230,184884361,6529436770,8470563230,false
1,0.1.0,model-level WR failure triage; ideal DoF abstraction; not a WAN measurement,15500000000,15750000000,0,0,0,0,0,0,6967,409,2,2,0,409,15627659165,8970563230,122340835,6779436770,8220563230,false
1,0.1.0,model-level WR failure triage; ideal DoF abstraction; not a WAN measurement,15750000000,16000000000,0,0,0,0,0,0,6967,409,2,2,0,409,15938067521,8970563230,61932479,7029436770,7970563230,false
1,0.1.0,model-level WR failure triage; ideal DoF abstraction; not a WAN measurement,16000000000,16250000000,0,0,0,0,0,0,6967,409,2,2,0,409,16246394070,8970563230,3605930,7279436770,7720563230,false
1,0.1.0,model-level WR failure triage; ideal DoF abstraction; not a WAN measurement,16250000000,16500000000,0,0,0,0,0,0,6967,409,1,1,0,409,16489121662,8970563230,10878338,7529436770,7470563230,false
1,0.1.0,model-level WR failure triage; ideal DoF abstraction; not a WAN measurement,16500000000,16750000000,0,0,0,0,0,0,6967,409,0,0,0,409,16489121662,8970563230,260878338,7779436770,7220563230,false
1,0.1.0,model-level WR failure triage; ideal DoF abstraction; not a WAN measurement,16750000000,17000000000,0,0,0,0,0,0,6967,409,2,2,0,409,16798273541,8970563230,201726459,8029436770,6970563230,false
1,0.1.0,model-level WR failure triage; ideal DoF abstraction; not a WAN measurement,17000000000,17250000000,0,0,0,0,0,0,6967,409,2,2,0,409,17106703874,8970563230,143296126,8279436770,6720563230,false
1,0.1.0,model-level WR failure triage; ideal DoF abstraction; not a WAN measurement,17250000000,17500000000,0,0,0,0,0,0,6967,409,2,2,0,409,17418998191,8970563230,81001809,8529436770,6470563230,false
1,0.1.0,model-level WR failure triage; ideal DoF abstraction; not a WAN measurement,17500000000,17750000000,0,0,0,0,0,0,6967,409,2,2,0,409,17733508500,8970563230,16491500,8779436770,6220563230,false
1,0.1.0,model-level WR failure triage; ideal DoF abstraction; not a WAN measurement,17750000000,18000000000,0,0,0,0,0,0,6967,409,1,1,0,409,17987294099,8970563230,12705901,9029436770,5970563230,false
1,0.1.0,model-level WR failure triage; ideal DoF abstraction; not a WAN measurement,18000000000,18250000000,0,0,0,0,0,0,6967,409,1,1,0,409,18046323586,8970563230,203676414,9279436770,5720563230,false
1,0.1.0,model-level WR failure triage; ideal DoF abstraction; not a WAN measurement,18250000000,18500000000,0,0,0,0,0,0,6967,409,1,1,0,409,18288335528,8970563230,211664472,9529436770,5470563230,false
1,0.1.0,model-level WR failure triage; ideal DoF abstraction; not a WAN measurement,18500000000,18750000000,0,0,0,0,0,0,6967,409,2,2,0,409,18598903239,8970563230,151096761,9779436770,5220563230,false
1,0.1.0,model-level WR failure triage; ideal DoF abstraction; not a WAN measurement,18750000000,19000000000,0,0,0,0,0,0,6967,409,2,2,0,409,18907550553,8970563230,92449447,10029436770,4970563230,false
1,0.1.0,model-level WR failure triage; ideal DoF abstraction; not a WAN measurement,19000000000,19250000000,0,0,0,0,0,0,6967,409,2,2,0,409,19216570072,8970563230,33429928,10279436770,4720563230,false
1,0.1.0,model-level WR failure triage; ideal DoF abstraction; not a WAN measurement,19250000000,19500000000,0,0,0,0,0,0,6967,409,1,1,0,409,19487960021,8970563230,12039979,10529436770,4470563230,false
1,0.1.0,model-level WR failure triage; ideal DoF abstraction; not a WAN measurement,19500000000,19750000000,0,0,0,0,0,0,6967,409,1,1,0,409,19529143672,8970563230,220856328,10779436770,4220563230,false
1,0.1.0,model-level WR failure triage; ideal DoF abstraction; not a WAN measurement,19750000000,20000000000,0,0,0,0,0,0,6967,409,2,2,0,409,19838660103,8970563230,161339897,11029436770,3970563230,false
1,0.1.0,model-level WR failure triage; ideal DoF abstraction; not a WAN measurement,20000000000,20250000000,0,0,0,0,0,0,6967,409,2,2,0,409,20148524401,8970563230,101475599,11279436770,3720563230,false
1,0.1.0,model-level WR failure triage; ideal DoF abstraction; not a WAN measurement,20250000000,20500000000,0,0,0,0,0,0,6967,409,1,1,0,409,20387651604,8970563230,112348396,11529436770,3470563230,false
1,0.1.0,model-level WR failure triage; ideal DoF abstraction; not a WAN measurement,20500000000,20750000000,0,0,0,0,0,0,6967,409,2,2,0,409,20696686943,8970563230,53313057,11779436770,3220563230,false
1,0.1.0,model-level WR failure triage; ideal DoF abstraction; not a WAN measurement,20750000000,21000000000,0,0,0,0,0,0,6967,409,2,1,0,409,20987535166,8970563230,12464834,12029436770,2970563230,false
1,0.1.0,model-level WR failure triage; ideal DoF abstraction; not a WAN measurement,21000000000,21250000000,0,0,0,0,0,0,6967,409,0,1,0,409,21017910179,8970563230,232089821,12279436770,2720563230,false
1,0.1.0,model-level WR failure triage; ideal DoF abstraction; not a WAN measurement,21250000000,21500000000,0,0,0,0,0,0,6967,409,2,2,0,409,21327263956,8970563230,172736044,12529436770,2470563230,false
1,0.1.0,model-level WR failure triage; ideal DoF abstraction; not a WAN measurement,21500000000,21750000000,0,0,0,0,0,0,6967,409,2,2,0,409,21639996928,8970563230,110003072,12779436770,2220563230,false
1,0.1.0,model-level WR failure triage; ideal DoF abstraction; not a WAN measurement,21750000000,22000000000,0,0,0,0,0,0,6967,409,1,1,0,409,21887692995,8970563230,112307005,13029436770,1970563230,false
1,0.1.0,model-level WR failure triage; ideal DoF abstraction; not a WAN measurement,22000000000,22250000000,0,0,0,0,0,0,6967,409,2,2,0,409,22195900117,8970563230,54099883,13279436770,1720563230,false
1,0.1.0,model-level WR failure triage; ideal DoF abstraction; not a WAN measurement,22250000000,22500000000,0,0,0,0,0,0,6967,409,2,1,0,409,22487585077,8970563230,12414923,13529436770,1470563230,false
1,0.1.0,model-level WR failure triage; ideal DoF abstraction; not a WAN measurement,22500000000,22750000000,0,0,0,0,0,0,6967,409,0,1,0,409,22506573515,8970563230,243426485,13779436770,1220563230,false
1,0.1.0,model-level WR failure triage; ideal DoF abstraction; not a WAN measurement,22750000000,23000000000,0,0,0,0,0,0,6967,409,2,2,0,409,22816750940,8970563230,183249060,14029436770,970563230,false
1,0.1.0,model-level WR failure triage; ideal DoF abstraction; not a WAN measurement,23000000000,23250000000,0,0,0,0,0,0,6967,409,2,2,0,409,23137612106,8970563230,112387894,14279436770,720563230,false
1,0.1.0,model-level WR failure triage; ideal DoF abstraction; not a WAN measurement,23250000000,23500000000,0,0,0,0,0,0,6967,409,2,2,0,409,23449432871,8970563230,50567129,14529436770,470563230,false
1,0.1.0,model-level WR failure triage; ideal DoF abstraction; not a WAN measurement,23500000000,23750000000,0,0,0,0,0,0,6967,409,1,1,0,409,23687947474,8970563230,62052526,14779436770,220563230,false
1,0.1.0,model-level WR failure triage; ideal DoF abstraction; not a WAN measurement,23750000000,24000000000,0,0,0,0,0,0,6967,409,2,2,0,409,23997219611,8970563230,2780389,15029436770,0,true
