schema_version,simulator_version,evidence_class,seed,admission_policy,overlap_percent,source_symbols,barrier_completion_ns,healthy_completion_max_ns,total_emissions,slow_branch_deliveries_through_completion,slow_application_drop_deficits,application_drops_total,isolated_credit_deferrals,isolated_credit_replays,isolated_credit_outstanding_frames,shared_leaf_wire_bytes,liveness_pressure_permille
1,0.1.0,model-level causal evidence; not a WAN measurement,0,hybrid_drop,100,512,516364602,282281414,990,968,454,522,0,0,0,2310720,258
1,0.1.0,model-level causal evidence; not a WAN measurement,1,hybrid_drop,100,512,516364602,282281414,990,968,454,522,0,0,0,2310720,258
1,0.1.0,model-level causal evidence; not a WAN measurement,2,hybrid_drop,100,512,516364602,282281414,990,968,454,522,0,0,0,2310720,258
1,0.1.0,model-level causal evidence; not a WAN measurement,3,hybrid_drop,100,512,516364602,282281414,990,968,454,522,0,0,0,2310720,258
1,0.1.0,model-level causal evidence; not a WAN measurement,4,hybrid_drop,100,512,516364602,282281414,990,968,454,522,0,0,0,2310720,258
1,0.1.0,model-level causal evidence; not a WAN measurement,5,hybrid_drop,100,512,516364602,282281414,990,968,454,522,0,0,0,2310720,258
1,0.1.0,model-level causal evidence; not a WAN measurement,6,hybrid_drop,100,512,516364602,282281414,990,968,454,522,0,0,0,2310720,258
1,0.1.0,model-level causal evidence; not a WAN measurement,7,hybrid_drop,100,512,516364602,282281414,990,968,454,522,0,0,0,2310720,258
1,0.1.0,model-level causal evidence; not a WAN measurement,8,hybrid_drop,100,512,516364602,282281414,990,968,454,522,0,0,0,2310720,258
1,0.1.0,model-level causal evidence; not a WAN measurement,9,hybrid_drop,100,512,516364602,282281414,990,968,454,522,0,0,0,2310720,258
1,0.1.0,model-level causal evidence; not a WAN measurement,10,hybrid_drop,100,512,516364602,282281414,990,968,454,522,0,0,0,2310720,258
1,0.1.0,model-level causal evidence; not a WAN measurement,11,hybrid_drop,100,512,516364602,282281414,990,968,454,522,0,0,0,2310720,258
1,0.1.0,model-level causal evidence; not a WAN measurement,12,hybrid_drop,100,512,516364602,282281414,990,968,454,522,0,0,0,2310720,258
1,0.1.0,model-level causal evidence; not a WAN measurement,13,hybrid_drop,100,512,516364602,282281414,990,968,454,522,0,0,0,2310720,258
1,0.1.0,model-level causal evidence; not a WAN measurement,14,hybrid_drop,100,512,516364602,282281414,990,968,454,522,0,0,0,2310720,258
1,0.1.0,model-level causal evidence; not a WAN measurement,15,hybrid_drop,100,512,516364602,282281414,990,968,454,522,0,0,0,2310720,258
1,0.1.0,model-level causal evidence; not a WAN measurement,16,hybrid_drop,100,512,516364602,282281414,990,968,454,522,0,0,0,2310720,258
1,0.1.0,model-level causal evidence; not a WAN measurement,17,hybrid_drop,100,512,516364602,282281414,990,968,454,522,0,0,0,2310720,258
1,0.1.0,model-level causal evidence; not a WAN measurement,18,hybrid_drop,100,512,516364602,282281414,990,968,454,522,0,0,0,2310720,258
1,0.1.0,model-level causal evidence; not a WAN measurement,19,hybrid_drop,100,512,516364602,282281414,990,968,454,522,0,0,0,2310720,258
1,0.1.0,model-level causal evidence; not a WAN measurement,20,hybrid_drop,100,512,516364602,282281414,990,968,454,522,0,0,0,2310720,258
1,0.1.0,model-level causal evidence; not a WAN measurement,21,hybrid_drop,100,512,516364602,282281414,990,968,454,522,0,0,0,2310720,258
1,0.1.0,model-level causal evidence; not a WAN measurement,22,hybrid_drop,100,512,516364602,282281414,990,968,454,522,0,0,0,2310720,258
1,0.1.0,model-level causal evidence; not a WAN measurement,23,hybrid_drop,100,512,516364602,282281414,990,968,454,522,0,0,0,2310720,258
1,0.1.0,model-level causal evidence; not a WAN measurement,24,hybrid_drop,100,512,516364602,282281414,990,968,454,522,0,0,0,2310720,258
1,0.1.0,model-level causal evidence; not a WAN measurement,25,hybrid_drop,100,512,516364602,282281414,990,968,454,522,0,0,0,2310720,258
1,0.1.0,model-level causal evidence; not a WAN measurement,26,hybrid_drop,100,512,516364602,282281414,990,968,454,522,0,0,0,2310720,258
1,0.1.0,model-level causal evidence; not a WAN measurement,27,hybrid_drop,100,512,516364602,282281414,990,968,454,522,0,0,0,2310720,258
1,0.1.0,model-level causal evidence; not a WAN measurement,28,hybrid_drop,100,512,516364602,282281414,990,968,454,522,0,0,0,2310720,258
1,0.1.0,model-level causal evidence; not a WAN measurement,29,hybrid_drop,100,512,516364602,282281414,990,968,454,522,0,0,0,2310720,258
1,0.1.0,model-level causal evidence; not a WAN measurement,30,hybrid_drop,100,512,516364602,282281414,990,968,454,522,0,0,0,2310720,258
1,0.1.0,model-level causal evidence; not a WAN measurement,31,hybrid_drop,100,512,516364602,282281414,990,968,454,522,0,0,0,2310720,258
1,0.1.0,model-level causal evidence; not a WAN measurement,32,hybrid_drop,100,512,516364602,282281414,990,968,454,522,0,0,0,2310720,258
1,0.1.0,model-level causal evidence; not a WAN measurement,33,hybrid_drop,100,512,516364602,282281414,990,968,454,522,0,0,0,2310720,258
1,0.1.0,model-level causal evidence; not a WAN measurement,34,hybrid_drop,100,512,516364602,282281414,990,968,454,522,0,0,0,2310720,258
1,0.1.0,model-level causal evidence; not a WAN measurement,35,hybrid_drop,100,512,516364602,282281414,990,968,454,522,0,0,0,2310720,258
1,0.1.0,model-level causal evidence; not a WAN measurement,36,hybrid_drop,100,512,516364602,282281414,990,968,454,522,0,0,0,2310720,258
1,0.1.0,model-level causal evidence; not a WAN measurement,37,hybrid_drop,100,512,516364602,282281414,990,968,454,522,0,0,0,2310720,258
1,0.1.0,model-level causal evidence; not a WAN measurement,38,hybrid_drop,100,512,516364602,282281414,990,968,454,522,0,0,0,2310720,258
1,0.1.0,model-level causal evidence; not a WAN measurement,39,hybrid_drop,100,512,516364602,282281414,990,968,454,522,0,0,0,2310720,258
1,0.1.0,model-level causal evidence; not a WAN measurement,40,hybrid_drop,100,512,516364602,282281414,990,968,454,522,0,0,0,2310720,258
1,0.1.0,model-level causal evidence; not a WAN measurement,41,hybrid_drop,100,512,516364602,282281414,990,968,454,522,0,0,0,2310720,258
1,0.1.0,model-level causal evidence; not a WAN measurement,42,hybrid_drop,100,512,516364602,282281414,990,968,454,522,0,0,0,2310720,258
1,0.1.0,model-level causal evidence; not a WAN measurement,43,hybrid_drop,100,512,516364602,282281414,990,968,454,522,0,0,0,2310720,258
1,0.1.0,model-level causal evidence; not a WAN measurement,44,hybrid_drop,100,512,516364602,282281414,990,968,454,522,0,0,0,2310720,258
1,0.1.0,model-level causal evidence; not a WAN measurement,45,hybrid_drop,100,512,516364602,282281414,990,968,454,522,0,0,0,2310720,258
1,0.1.0,model-level causal evidence; not a WAN measurement,46,hybrid_drop,100,512,516364602,282281414,990,968,454,522,0,0,0,2310720,258
1,0.1.0,model-level causal evidence; not a WAN measurement,47,hybrid_drop,100,512,516364602,282281414,990,968,454,522,0,0,0,2310720,258
1,0.1.0,model-level causal evidence; not a WAN measurement,48,hybrid_drop,100,512,516364602,282281414,990,968,454,522,0,0,0,2310720,258
1,0.1.0,model-level causal evidence; not a WAN measurement,49,hybrid_drop,100,512,516364602,282281414,990,968,454,522,0,0,0,2310720,258
1,0.1.0,model-level causal evidence; not a WAN measurement,50,hybrid_drop,100,512,516364602,282281414,990,968,454,522,0,0,0,2310720,258
1,0.1.0,model-level causal evidence; not a WAN measurement,51,hybrid_drop,100,512,516364602,282281414,990,968,454,522,0,0,0,2310720,258
1,0.1.0,model-level causal evidence; not a WAN measurement,52,hybrid_drop,100,512,516364602,282281414,990,968,454,522,0,0,0,2310720,258
1,0.1.0,model-level causal evidence; not a WAN measurement,53,hybrid_drop,100,512,516364602,282281414,990,968,454,522,0,0,0,2310720,258
1,0.1.0,model-level causal evidence; not a WAN measurement,54,hybrid_drop,100,512,516364602,282281414,990,968,454,522,0,0,0,2310720,258
1,0.1.0,model-level causal evidence; not a WAN measurement,55,hybrid_drop,100,512,516364602,282281414,990,968,454,522,0,0,0,2310720,258
1,0.1.0,model-level causal evidence; not a WAN measurement,56,hybrid_drop,100,512,516364602,282281414,990,968,454,522,0,0,0,2310720,258
1,0.1.0,model-level causal evidence; not a WAN measurement,57,hybrid_drop,100,512,516364602,282281414,990,968,454,522,0,0,0,2310720,258
1,0.1.0,model-level causal evidence; not a WAN measurement,58,hybrid_drop,100,512,516364602,282281414,990,968,454,522,0,0,0,2310720,258
1,0.1.0,model-level causal evidence; not a WAN measurement,59,hybrid_drop,100,512,516364602,282281414,990,968,454,522,0,0,0,2310720,258
1,0.1.0,model-level causal evidence; not a WAN measurement,60,hybrid_drop,100,512,516364602,282281414,990,968,454,522,0,0,0,2310720,258
1,0.1.0,model-level causal evidence; not a WAN measurement,61,hybrid_drop,100,512,516364602,282281414,990,968,454,522,0,0,0,2310720,258
1,0.1.0,model-level causal evidence; not a WAN measurement,62,hybrid_drop,100,512,516364602,282281414,990,968,454,522,0,0,0,2310720,258
1,0.1.0,model-level causal evidence; not a WAN measurement,63,hybrid_drop,100,512,516364602,282281414,990,968,454,522,0,0,0,2310720,258
1,0.1.0,model-level causal evidence; not a WAN measurement,64,hybrid_drop,100,512,516364602,282281414,990,968,454,522,0,0,0,2310720,258
1,0.1.0,model-level causal evidence; not a WAN measurement,65,hybrid_drop,100,512,516364602,282281414,990,968,454,522,0,0,0,2310720,258
1,0.1.0,model-level causal evidence; not a WAN measurement,66,hybrid_drop,100,512,516364602,282281414,990,968,454,522,0,0,0,2310720,258
1,0.1.0,model-level causal evidence; not a WAN measurement,67,hybrid_drop,100,512,516364602,282281414,990,968,454,522,0,0,0,2310720,258
1,0.1.0,model-level causal evidence; not a WAN measurement,68,hybrid_drop,100,512,516364602,282281414,990,968,454,522,0,0,0,2310720,258
1,0.1.0,model-level causal evidence; not a WAN measurement,69,hybrid_drop,100,512,516364602,282281414,990,968,454,522,0,0,0,2310720,258
1,0.1.0,model-level causal evidence; not a WAN measurement,70,hybrid_drop,100,512,516364602,282281414,990,968,454,522,0,0,0,2310720,258
1,0.1.0,model-level causal evidence; not a WAN measurement,71,hybrid_drop,100,512,516364602,282281414,990,968,454,522,0,0,0,2310720,258
1,0.1.0,model-level causal evidence; not a WAN measurement,72,hybrid_drop,100,512,516364602,282281414,990,968,454,522,0,0,0,2310720,258
1,0.1.0,model-level causal evidence; not a WAN measurement,73,hybrid_drop,100,512,516364602,282281414,990,968,454,522,0,0,0,2310720,258
1,0.1.0,model-level causal evidence; not a WAN measurement,74,hybrid_drop,100,512,516364602,282281414,990,968,454,522,0,0,0,2310720,258
1,0.1.0,model-level causal evidence; not a WAN measurement,75,hybrid_drop,100,512,516364602,282281414,990,968,454,522,0,0,0,2310720,258
1,0.1.0,model-level causal evidence; not a WAN measurement,76,hybrid_drop,100,512,516364602,282281414,990,968,454,522,0,0,0,2310720,258
1,0.1.0,model-level causal evidence; not a WAN measurement,77,hybrid_drop,100,512,516364602,282281414,990,968,454,522,0,0,0,2310720,258
1,0.1.0,model-level causal evidence; not a WAN measurement,78,hybrid_drop,100,512,516364602,282281414,990,968,454,522,0,0,0,2310720,258
1,0.1.0,model-level causal evidence; not a WAN measurement,79,hybrid_drop,100,512,516364602,282281414,990,968,454,522,0,0,0,2310720,258
1,0.1.0,model-level causal evidence; not a WAN measurement,80,hybrid_drop,100,512,516364602,282281414,990,968,454,522,0,0,0,2310720,258
1,0.1.0,model-level causal evidence; not a WAN measurement,81,hybrid_drop,100,512,516364602,282281414,990,968,454,522,0,0,0,2310720,258
1,0.1.0,model-level causal evidence; not a WAN measurement,82,hybrid_drop,100,512,516364602,282281414,990,968,454,522,0,0,0,2310720,258
1,0.1.0,model-level causal evidence; not a WAN measurement,83,hybrid_drop,100,512,516364602,282281414,990,968,454,522,0,0,0,2310720,258
1,0.1.0,model-level causal evidence; not a WAN measurement,84,hybrid_drop,100,512,516364602,282281414,990,968,454,522,0,0,0,2310720,258
1,0.1.0,model-level causal evidence; not a WAN measurement,85,hybrid_drop,100,512,516364602,282281414,990,968,454,522,0,0,0,2310720,258
1,0.1.0,model-level causal evidence; not a WAN measurement,86,hybrid_drop,100,512,516364602,282281414,990,968,454,522,0,0,0,2310720,258
1,0.1.0,model-level causal evidence; not a WAN measurement,87,hybrid_drop,100,512,516364602,282281414,990,968,454,522,0,0,0,2310720,258
1,0.1.0,model-level causal evidence; not a WAN measurement,88,hybrid_drop,100,512,516364602,282281414,990,968,454,522,0,0,0,2310720,258
1,0.1.0,model-level causal evidence; not a WAN measurement,89,hybrid_drop,100,512,516364602,282281414,990,968,454,522,0,0,0,2310720,258
1,0.1.0,model-level causal evidence; not a WAN measurement,90,hybrid_drop,100,512,516364602,282281414,990,968,454,522,0,0,0,2310720,258
1,0.1.0,model-level causal evidence; not a WAN measurement,91,hybrid_drop,100,512,516364602,282281414,990,968,454,522,0,0,0,2310720,258
1,0.1.0,model-level causal evidence; not a WAN measurement,92,hybrid_drop,100,512,516364602,282281414,990,968,454,522,0,0,0,2310720,258
1,0.1.0,model-level causal evidence; not a WAN measurement,93,hybrid_drop,100,512,516364602,282281414,990,968,454,522,0,0,0,2310720,258
1,0.1.0,model-level causal evidence; not a WAN measurement,94,hybrid_drop,100,512,516364602,282281414,990,968,454,522,0,0,0,2310720,258
1,0.1.0,model-level causal evidence; not a WAN measurement,95,hybrid_drop,100,512,516364602,282281414,990,968,454,522,0,0,0,2310720,258
1,0.1.0,model-level causal evidence; not a WAN measurement,96,hybrid_drop,100,512,516364602,282281414,990,968,454,522,0,0,0,2310720,258
1,0.1.0,model-level causal evidence; not a WAN measurement,97,hybrid_drop,100,512,516364602,282281414,990,968,454,522,0,0,0,2310720,258
1,0.1.0,model-level causal evidence; not a WAN measurement,98,hybrid_drop,100,512,516364602,282281414,990,968,454,522,0,0,0,2310720,258
1,0.1.0,model-level causal evidence; not a WAN measurement,99,hybrid_drop,100,512,516364602,282281414,990,968,454,522,0,0,0,2310720,258
1,0.1.0,model-level causal evidence; not a WAN measurement,100,hybrid_drop,100,512,516364602,282281414,990,968,454,522,0,0,0,2310720,258
1,0.1.0,model-level causal evidence; not a WAN measurement,101,hybrid_drop,100,512,516364602,282281414,990,968,454,522,0,0,0,2310720,258
1,0.1.0,model-level causal evidence; not a WAN measurement,102,hybrid_drop,100,512,516364602,282281414,990,968,454,522,0,0,0,2310720,258
1,0.1.0,model-level causal evidence; not a WAN measurement,103,hybrid_drop,100,512,516364602,282281414,990,968,454,522,0,0,0,2310720,258
1,0.1.0,model-level causal evidence; not a WAN measurement,104,hybrid_drop,100,512,516364602,282281414,990,968,454,522,0,0,0,2310720,258
1,0.1.0,model-level causal evidence; not a WAN measurement,105,hybrid_drop,100,512,516364602,282281414,990,968,454,522,0,0,0,2310720,258
1,0.1.0,model-level causal evidence; not a WAN measurement,106,hybrid_drop,100,512,516364602,282281414,990,968,454,522,0,0,0,2310720,258
1,0.1.0,model-level causal evidence; not a WAN measurement,107,hybrid_drop,100,512,516364602,282281414,990,968,454,522,0,0,0,2310720,258
1,0.1.0,model-level causal evidence; not a WAN measurement,108,hybrid_drop,100,512,516364602,282281414,990,968,454,522,0,0,0,2310720,258
1,0.1.0,model-level causal evidence; not a WAN measurement,109,hybrid_drop,100,512,516364602,282281414,990,968,454,522,0,0,0,2310720,258
1,0.1.0,model-level causal evidence; not a WAN measurement,110,hybrid_drop,100,512,516364602,282281414,990,968,454,522,0,0,0,2310720,258
1,0.1.0,model-level causal evidence; not a WAN measurement,111,hybrid_drop,100,512,516364602,282281414,990,968,454,522,0,0,0,2310720,258
1,0.1.0,model-level causal evidence; not a WAN measurement,112,hybrid_drop,100,512,516364602,282281414,990,968,454,522,0,0,0,2310720,258
1,0.1.0,model-level causal evidence; not a WAN measurement,113,hybrid_drop,100,512,516364602,282281414,990,968,454,522,0,0,0,2310720,258
1,0.1.0,model-level causal evidence; not a WAN measurement,114,hybrid_drop,100,512,516364602,282281414,990,968,454,522,0,0,0,2310720,258
1,0.1.0,model-level causal evidence; not a WAN measurement,115,hybrid_drop,100,512,516364602,282281414,990,968,454,522,0,0,0,2310720,258
1,0.1.0,model-level causal evidence; not a WAN measurement,116,hybrid_drop,100,512,516364602,282281414,990,968,454,522,0,0,0,2310720,258
1,0.1.0,model-level causal evidence; not a WAN measurement,117,hybrid_drop,100,512,516364602,282281414,990,968,454,522,0,0,0,2310720,258
1,0.1.0,model-level causal evidence; not a WAN measurement,118,hybrid_drop,100,512,516364602,282281414,990,968,454,522,0,0,0,2310720,258
1,0.1.0,model-level causal evidence; not a WAN measurement,119,hybrid_drop,100,512,516364602,282281414,990,968,454,522,0,0,0,2310720,258
1,0.1.0,model-level causal evidence; not a WAN measurement,120,hybrid_drop,100,512,516364602,282281414,990,968,454,522,0,0,0,2310720,258
1,0.1.0,model-level causal evidence; not a WAN measurement,121,hybrid_drop,100,512,516364602,282281414,990,968,454,522,0,0,0,2310720,258
1,0.1.0,model-level causal evidence; not a WAN measurement,122,hybrid_drop,100,512,516364602,282281414,990,968,454,522,0,0,0,2310720,258
1,0.1.0,model-level causal evidence; not a WAN measurement,123,hybrid_drop,100,512,516364602,282281414,990,968,454,522,0,0,0,2310720,258
1,0.1.0,model-level causal evidence; not a WAN measurement,124,hybrid_drop,100,512,516364602,282281414,990,968,454,522,0,0,0,2310720,258
1,0.1.0,model-level causal evidence; not a WAN measurement,125,hybrid_drop,100,512,516364602,282281414,990,968,454,522,0,0,0,2310720,258
1,0.1.0,model-level causal evidence; not a WAN measurement,126,hybrid_drop,100,512,516364602,282281414,990,968,454,522,0,0,0,2310720,258
1,0.1.0,model-level causal evidence; not a WAN measurement,127,hybrid_drop,100,512,516364602,282281414,990,968,454,522,0,0,0,2310720,258
1,0.1.0,model-level causal evidence; not a WAN measurement,0,isolated_credit,100,512,516364602,276455413,990,516,0,0,975,522,453,1428576,258
1,0.1.0,model-level causal evidence; not a WAN measurement,1,isolated_credit,100,512,516364602,276455413,990,516,0,0,975,522,453,1428576,258
1,0.1.0,model-level causal evidence; not a WAN measurement,2,isolated_credit,100,512,516364602,276455413,990,516,0,0,975,522,453,1428576,258
1,0.1.0,model-level causal evidence; not a WAN measurement,3,isolated_credit,100,512,516364602,276455413,990,516,0,0,975,522,453,1428576,258
1,0.1.0,model-level causal evidence; not a WAN measurement,4,isolated_credit,100,512,516364602,276455413,990,516,0,0,975,522,453,1428576,258
1,0.1.0,model-level causal evidence; not a WAN measurement,5,isolated_credit,100,512,516364602,276455413,990,516,0,0,975,522,453,1428576,258
1,0.1.0,model-level causal evidence; not a WAN measurement,6,isolated_credit,100,512,516364602,276455413,990,516,0,0,975,522,453,1428576,258
1,0.1.0,model-level causal evidence; not a WAN measurement,7,isolated_credit,100,512,516364602,276455413,990,516,0,0,975,522,453,1428576,258
1,0.1.0,model-level causal evidence; not a WAN measurement,8,isolated_credit,100,512,516364602,276455413,990,516,0,0,975,522,453,1428576,258
1,0.1.0,model-level causal evidence; not a WAN measurement,9,isolated_credit,100,512,516364602,276455413,990,516,0,0,975,522,453,1428576,258
1,0.1.0,model-level causal evidence; not a WAN measurement,10,isolated_credit,100,512,516364602,276455413,990,516,0,0,975,522,453,1428576,258
1,0.1.0,model-level causal evidence; not a WAN measurement,11,isolated_credit,100,512,516364602,276455413,990,516,0,0,975,522,453,1428576,258
1,0.1.0,model-level causal evidence; not a WAN measurement,12,isolated_credit,100,512,516364602,276455413,990,516,0,0,975,522,453,1428576,258
1,0.1.0,model-level causal evidence; not a WAN measurement,13,isolated_credit,100,512,516364602,276455413,990,516,0,0,975,522,453,1428576,258
1,0.1.0,model-level causal evidence; not a WAN measurement,14,isolated_credit,100,512,516364602,276455413,990,516,0,0,975,522,453,1428576,258
1,0.1.0,model-level causal evidence; not a WAN measurement,15,isolated_credit,100,512,516364602,276455413,990,516,0,0,975,522,453,1428576,258
1,0.1.0,model-level causal evidence; not a WAN measurement,16,isolated_credit,100,512,516364602,276455413,990,516,0,0,975,522,453,1428576,258
1,0.1.0,model-level causal evidence; not a WAN measurement,17,isolated_credit,100,512,516364602,276455413,990,516,0,0,975,522,453,1428576,258
1,0.1.0,model-level causal evidence; not a WAN measurement,18,isolated_credit,100,512,516364602,276455413,990,516,0,0,975,522,453,1428576,258
1,0.1.0,model-level causal evidence; not a WAN measurement,19,isolated_credit,100,512,516364602,276455413,990,516,0,0,975,522,453,1428576,258
1,0.1.0,model-level causal evidence; not a WAN measurement,20,isolated_credit,100,512,516364602,276455413,990,516,0,0,975,522,453,1428576,258
1,0.1.0,model-level causal evidence; not a WAN measurement,21,isolated_credit,100,512,516364602,276455413,990,516,0,0,975,522,453,1428576,258
1,0.1.0,model-level causal evidence; not a WAN measurement,22,isolated_credit,100,512,516364602,276455413,990,516,0,0,975,522,453,1428576,258
1,0.1.0,model-level causal evidence; not a WAN measurement,23,isolated_credit,100,512,516364602,276455413,990,516,0,0,975,522,453,1428576,258
1,0.1.0,model-level causal evidence; not a WAN measurement,24,isolated_credit,100,512,516364602,276455413,990,516,0,0,975,522,453,1428576,258
1,0.1.0,model-level causal evidence; not a WAN measurement,25,isolated_credit,100,512,516364602,276455413,990,516,0,0,975,522,453,1428576,258
1,0.1.0,model-level causal evidence; not a WAN measurement,26,isolated_credit,100,512,516364602,276455413,990,516,0,0,975,522,453,1428576,258
1,0.1.0,model-level causal evidence; not a WAN measurement,27,isolated_credit,100,512,516364602,276455413,990,516,0,0,975,522,453,1428576,258
1,0.1.0,model-level causal evidence; not a WAN measurement,28,isolated_credit,100,512,516364602,276455413,990,516,0,0,975,522,453,1428576,258
1,0.1.0,model-level causal evidence; not a WAN measurement,29,isolated_credit,100,512,516364602,276455413,990,516,0,0,975,522,453,1428576,258
1,0.1.0,model-level causal evidence; not a WAN measurement,30,isolated_credit,100,512,516364602,276455413,990,516,0,0,975,522,453,1428576,258
1,0.1.0,model-level causal evidence; not a WAN measurement,31,isolated_credit,100,512,516364602,276455413,990,516,0,0,975,522,453,1428576,258
1,0.1.0,model-level causal evidence; not a WAN measurement,32,isolated_credit,100,512,516364602,276455413,990,516,0,0,975,522,453,1428576,258
1,0.1.0,model-level causal evidence; not a WAN measurement,33,isolated_credit,100,512,516364602,276455413,990,516,0,0,975,522,453,1428576,258
1,0.1.0,model-level causal evidence; not a WAN measurement,34,isolated_credit,100,512,516364602,276455413,990,516,0,0,975,522,453,1428576,258
1,0.1.0,model-level causal evidence; not a WAN measurement,35,isolated_credit,100,512,516364602,276455413,990,516,0,0,975,522,453,1428576,258
1,0.1.0,model-level causal evidence; not a WAN measurement,36,isolated_credit,100,512,516364602,276455413,990,516,0,0,975,522,453,1428576,258
1,0.1.0,model-level causal evidence; not a WAN measurement,37,isolated_credit,100,512,516364602,276455413,990,516,0,0,975,522,453,1428576,258
1,0.1.0,model-level causal evidence; not a WAN measurement,38,isolated_credit,100,512,516364602,276455413,990,516,0,0,975,522,453,1428576,258
1,0.1.0,model-level causal evidence; not a WAN measurement,39,isolated_credit,100,512,516364602,276455413,990,516,0,0,975,522,453,1428576,258
1,0.1.0,model-level causal evidence; not a WAN measurement,40,isolated_credit,100,512,516364602,276455413,990,516,0,0,975,522,453,1428576,258
1,0.1.0,model-level causal evidence; not a WAN measurement,41,isolated_credit,100,512,516364602,276455413,990,516,0,0,975,522,453,1428576,258
1,0.1.0,model-level causal evidence; not a WAN measurement,42,isolated_credit,100,512,516364602,276455413,990,516,0,0,975,522,453,1428576,258
1,0.1.0,model-level causal evidence; not a WAN measurement,43,isolated_credit,100,512,516364602,276455413,990,516,0,0,975,522,453,1428576,258
1,0.1.0,model-level causal evidence; not a WAN measurement,44,isolated_credit,100,512,516364602,276455413,990,516,0,0,975,522,453,1428576,258
1,0.1.0,model-level causal evidence; not a WAN measurement,45,isolated_credit,100,512,516364602,276455413,990,516,0,0,975,522,453,1428576,258
1,0.1.0,model-level causal evidence; not a WAN measurement,46,isolated_credit,100,512,516364602,276455413,990,516,0,0,975,522,453,1428576,258
1,0.1.0,model-level causal evidence; not a WAN measurement,47,isolated_credit,100,512,516364602,276455413,990,516,0,0,975,522,453,1428576,258
1,0.1.0,model-level causal evidence; not a WAN measurement,48,isolated_credit,100,512,516364602,276455413,990,516,0,0,975,522,453,1428576,258
1,0.1.0,model-level causal evidence; not a WAN measurement,49,isolated_credit,100,512,516364602,276455413,990,516,0,0,975,522,453,1428576,258
1,0.1.0,model-level causal evidence; not a WAN measurement,50,isolated_credit,100,512,516364602,276455413,990,516,0,0,975,522,453,1428576,258
1,0.1.0,model-level causal evidence; not a WAN measurement,51,isolated_credit,100,512,516364602,276455413,990,516,0,0,975,522,453,1428576,258
1,0.1.0,model-level causal evidence; not a WAN measurement,52,isolated_credit,100,512,516364602,276455413,990,516,0,0,975,522,453,1428576,258
1,0.1.0,model-level causal evidence; not a WAN measurement,53,isolated_credit,100,512,516364602,276455413,990,516,0,0,975,522,453,1428576,258
1,0.1.0,model-level causal evidence; not a WAN measurement,54,isolated_credit,100,512,516364602,276455413,990,516,0,0,975,522,453,1428576,258
1,0.1.0,model-level causal evidence; not a WAN measurement,55,isolated_credit,100,512,516364602,276455413,990,516,0,0,975,522,453,1428576,258
1,0.1.0,model-level causal evidence; not a WAN measurement,56,isolated_credit,100,512,516364602,276455413,990,516,0,0,975,522,453,1428576,258
1,0.1.0,model-level causal evidence; not a WAN measurement,57,isolated_credit,100,512,516364602,276455413,990,516,0,0,975,522,453,1428576,258
1,0.1.0,model-level causal evidence; not a WAN measurement,58,isolated_credit,100,512,516364602,276455413,990,516,0,0,975,522,453,1428576,258
1,0.1.0,model-level causal evidence; not a WAN measurement,59,isolated_credit,100,512,516364602,276455413,990,516,0,0,975,522,453,1428576,258
1,0.1.0,model-level causal evidence; not a WAN measurement,60,isolated_credit,100,512,516364602,276455413,990,516,0,0,975,522,453,1428576,258
1,0.1.0,model-level causal evidence; not a WAN measurement,61,isolated_credit,100,512,516364602,276455413,990,516,0,0,975,522,453,1428576,258
1,0.1.0,model-level causal evidence; not a WAN measurement,62,isolated_credit,100,512,516364602,276455413,990,516,0,0,975,522,453,1428576,258
1,0.1.0,model-level causal evidence; not a WAN measurement,63,isolated_credit,100,512,516364602,276455413,990,516,0,0,975,522,453,1428576,258
1,0.1.0,model-level causal evidence; not a WAN measurement,64,isolated_credit,100,512,516364602,276455413,990,516,0,0,975,522,453,1428576,258
1,0.1.0,model-level causal evidence; not a WAN measurement,65,isolated_credit,100,512,516364602,276455413,990,516,0,0,975,522,453,1428576,258
1,0.1.0,model-level causal evidence; not a WAN measurement,66,isolated_credit,100,512,516364602,276455413,990,516,0,0,975,522,453,1428576,258
1,0.1.0,model-level causal evidence; not a WAN measurement,67,isolated_credit,100,512,516364602,276455413,990,516,0,0,975,522,453,1428576,258
1,0.1.0,model-level causal evidence; not a WAN measurement,68,isolated_credit,100,512,516364602,276455413,990,516,0,0,975,522,453,1428576,258
1,0.1.0,model-level causal evidence; not a WAN measurement,69,isolated_credit,100,512,516364602,276455413,990,516,0,0,975,522,453,1428576,258
1,0.1.0,model-level causal evidence; not a WAN measurement,70,isolated_credit,100,512,516364602,276455413,990,516,0,0,975,522,453,1428576,258
1,0.1.0,model-level causal evidence; not a WAN measurement,71,isolated_credit,100,512,516364602,276455413,990,516,0,0,975,522,453,1428576,258
1,0.1.0,model-level causal evidence; not a WAN measurement,72,isolated_credit,100,512,516364602,276455413,990,516,0,0,975,522,453,1428576,258
1,0.1.0,model-level causal evidence; not a WAN measurement,73,isolated_credit,100,512,516364602,276455413,990,516,0,0,975,522,453,1428576,258
1,0.1.0,model-level causal evidence; not a WAN measurement,74,isolated_credit,100,512,516364602,276455413,990,516,0,0,975,522,453,1428576,258
1,0.1.0,model-level causal evidence; not a WAN measurement,75,isolated_credit,100,512,516364602,276455413,990,516,0,0,975,522,453,1428576,258
1,0.1.0,model-level causal evidence; not a WAN measurement,76,isolated_credit,100,512,516364602,276455413,990,516,0,0,975,522,453,1428576,258
1,0.1.0,model-level causal evidence; not a WAN measurement,77,isolated_credit,100,512,516364602,276455413,990,516,0,0,975,522,453,1428576,258
1,0.1.0,model-level causal evidence; not a WAN measurement,78,isolated_credit,100,512,516364602,276455413,990,516,0,0,975,522,453,1428576,258
1,0.1.0,model-level causal evidence; not a WAN measurement,79,isolated_credit,100,512,516364602,276455413,990,516,0,0,975,522,453,1428576,258
1,0.1.0,model-level causal evidence; not a WAN measurement,80,isolated_credit,100,512,516364602,276455413,990,516,0,0,975,522,453,1428576,258
1,0.1.0,model-level causal evidence; not a WAN measurement,81,isolated_credit,100,512,516364602,276455413,990,516,0,0,975,522,453,1428576,258
1,0.1.0,model-level causal evidence; not a WAN measurement,82,isolated_credit,100,512,516364602,276455413,990,516,0,0,975,522,453,1428576,258
1,0.1.0,model-level causal evidence; not a WAN measurement,83,isolated_credit,100,512,516364602,276455413,990,516,0,0,975,522,453,1428576,258
1,0.1.0,model-level causal evidence; not a WAN measurement,84,isolated_credit,100,512,516364602,276455413,990,516,0,0,975,522,453,1428576,258
1,0.1.0,model-level causal evidence; not a WAN measurement,85,isolated_credit,100,512,516364602,276455413,990,516,0,0,975,522,453,1428576,258
1,0.1.0,model-level causal evidence; not a WAN measurement,86,isolated_credit,100,512,516364602,276455413,990,516,0,0,975,522,453,1428576,258
1,0.1.0,model-level causal evidence; not a WAN measurement,87,isolated_credit,100,512,516364602,276455413,990,516,0,0,975,522,453,1428576,258
1,0.1.0,model-level causal evidence; not a WAN measurement,88,isolated_credit,100,512,516364602,276455413,990,516,0,0,975,522,453,1428576,258
1,0.1.0,model-level causal evidence; not a WAN measurement,89,isolated_credit,100,512,516364602,276455413,990,516,0,0,975,522,453,1428576,258
1,0.1.0,model-level causal evidence; not a WAN measurement,90,isolated_credit,100,512,516364602,276455413,990,516,0,0,975,522,453,1428576,258
1,0.1.0,model-level causal evidence; not a WAN measurement,91,isolated_credit,100,512,516364602,276455413,990,516,0,0,975,522,453,1428576,258
1,0.1.0,model-level causal evidence; not a WAN measurement,92,isolated_credit,100,512,516364602,276455413,990,516,0,0,975,522,453,1428576,258
1,0.1.0,model-level causal evidence; not a WAN measurement,93,isolated_credit,100,512,516364602,276455413,990,516,0,0,975,522,453,1428576,258
1,0.1.0,model-level causal evidence; not a WAN measurement,94,isolated_credit,100,512,516364602,276455413,990,516,0,0,975,522,453,1428576,258
1,0.1.0,model-level causal evidence; not a WAN measurement,95,isolated_credit,100,512,516364602,276455413,990,516,0,0,975,522,453,1428576,258
1,0.1.0,model-level causal evidence; not a WAN measurement,96,isolated_credit,100,512,516364602,276455413,990,516,0,0,975,522,453,1428576,258
1,0.1.0,model-level causal evidence; not a WAN measurement,97,isolated_credit,100,512,516364602,276455413,990,516,0,0,975,522,453,1428576,258
1,0.1.0,model-level causal evidence; not a WAN measurement,98,isolated_credit,100,512,516364602,276455413,990,516,0,0,975,522,453,1428576,258
1,0.1.0,model-level causal evidence; not a WAN measurement,99,isolated_credit,100,512,516364602,276455413,990,516,0,0,975,522,453,1428576,258
1,0.1.0,model-level causal evidence; not a WAN measurement,100,isolated_credit,100,512,516364602,276455413,990,516,0,0,975,522,453,1428576,258
1,0.1.0,model-level causal evidence; not a WAN measurement,101,isolated_credit,100,512,516364602,276455413,990,516,0,0,975,522,453,1428576,258
1,0.1.0,model-level causal evidence; not a WAN measurement,102,isolated_credit,100,512,516364602,276455413,990,516,0,0,975,522,453,1428576,258
1,0.1.0,model-level causal evidence; not a WAN measurement,103,isolated_credit,100,512,516364602,276455413,990,516,0,0,975,522,453,1428576,258
1,0.1.0,model-level causal evidence; not a WAN measurement,104,isolated_credit,100,512,516364602,276455413,990,516,0,0,975,522,453,1428576,258
1,0.1.0,model-level causal evidence; not a WAN measurement,105,isolated_credit,100,512,516364602,276455413,990,516,0,0,975,522,453,1428576,258
1,0.1.0,model-level causal evidence; not a WAN measurement,106,isolated_credit,100,512,516364602,276455413,990,516,0,0,975,522,453,1428576,258
1,0.1.0,model-level causal evidence; not a WAN measurement,107,isolated_credit,100,512,516364602,276455413,990,516,0,0,975,522,453,1428576,258
1,0.1.0,model-level causal evidence; not a WAN measurement,108,isolated_credit,100,512,516364602,276455413,990,516,0,0,975,522,453,1428576,258
1,0.1.0,model-level causal evidence; not a WAN measurement,109,isolated_credit,100,512,516364602,276455413,990,516,0,0,975,522,453,1428576,258
1,0.1.0,model-level causal evidence; not a WAN measurement,110,isolated_credit,100,512,516364602,276455413,990,516,0,0,975,522,453,1428576,258
1,0.1.0,model-level causal evidence; not a WAN measurement,111,isolated_credit,100,512,516364602,276455413,990,516,0,0,975,522,453,1428576,258
1,0.1.0,model-level causal evidence; not a WAN measurement,112,isolated_credit,100,512,516364602,276455413,990,516,0,0,975,522,453,1428576,258
1,0.1.0,model-level causal evidence; not a WAN measurement,113,isolated_credit,100,512,516364602,276455413,990,516,0,0,975,522,453,1428576,258
1,0.1.0,model-level causal evidence; not a WAN measurement,114,isolated_credit,100,512,516364602,276455413,990,516,0,0,975,522,453,1428576,258
1,0.1.0,model-level causal evidence; not a WAN measurement,115,isolated_credit,100,512,516364602,276455413,990,516,0,0,975,522,453,1428576,258
1,0.1.0,model-level causal evidence; not a WAN measurement,116,isolated_credit,100,512,516364602,276455413,990,516,0,0,975,522,453,1428576,258
1,0.1.0,model-level causal evidence; not a WAN measurement,117,isolated_credit,100,512,516364602,276455413,990,516,0,0,975,522,453,1428576,258
1,0.1.0,model-level causal evidence; not a WAN measurement,118,isolated_credit,100,512,516364602,276455413,990,516,0,0,975,522,453,1428576,258
1,0.1.0,model-level causal evidence; not a WAN measurement,119,isolated_credit,100,512,516364602,276455413,990,516,0,0,975,522,453,1428576,258
1,0.1.0,model-level causal evidence; not a WAN measurement,120,isolated_credit,100,512,516364602,276455413,990,516,0,0,975,522,453,1428576,258
1,0.1.0,model-level causal evidence; not a WAN measurement,121,isolated_credit,100,512,516364602,276455413,990,516,0,0,975,522,453,1428576,258
1,0.1.0,model-level causal evidence; not a WAN measurement,122,isolated_credit,100,512,516364602,276455413,990,516,0,0,975,522,453,1428576,258
1,0.1.0,model-level causal evidence; not a WAN measurement,123,isolated_credit,100,512,516364602,276455413,990,516,0,0,975,522,453,1428576,258
1,0.1.0,model-level causal evidence; not a WAN measurement,124,isolated_credit,100,512,516364602,276455413,990,516,0,0,975,522,453,1428576,258
1,0.1.0,model-level causal evidence; not a WAN measurement,125,isolated_credit,100,512,516364602,276455413,990,516,0,0,975,522,453,1428576,258
1,0.1.0,model-level causal evidence; not a WAN measurement,126,isolated_credit,100,512,516364602,276455413,990,516,0,0,975,522,453,1428576,258
1,0.1.0,model-level causal evidence; not a WAN measurement,127,isolated_credit,100,512,516364602,276455413,990,516,0,0,975,522,453,1428576,258
