research_scope,phase,source_count,production_symbol_bytes,trials,c_wire_num,c_wire_den,c_reserve_num,c_reserve_den,channel,stationary_erasure_probability,interior_c_num,interior_c_den,wire_bin_count,reserve_cardinality,terminal_bin_count,actual_wire_overhead,actual_total_overhead,initial_completions,initial_completion_probability,final_completions,completion_probability,cp95_lower,cp95_upper,repair_successes,mean_repair_emissions,p95_repair_emissions,mean_reserve_emissions,mean_reserve_losses,duplicate_transmissions,sender_reserve_payload_bytes,sender_reserve_budget_bytes,budget_pass
BEYOND the METTLE paper,grid,8192,1400,512,1,100,3,100,bec-0.1pct,0.001000000,3299,1000000,8274,246,8520,0.010009766,0.040039062,5,0.009765625,78,0.152343750,0.122322334,0.186444675,73,137.821918,241,228.173828,0.218750,0,344400,8388608,true
BEYOND the METTLE paper,grid,8192,1400,512,1,100,3,100,bec-0.5pct,0.005000000,3299,1000000,8274,246,8520,0.010009766,0.040039062,0,0.000000000,0,0.000000000,0.000000000,0.007178950,0,0.000000,0,246.000000,1.207031,0,344400,8388608,true
BEYOND the METTLE paper,grid,8192,1400,512,1,100,3,100,bec-1.0pct,0.010000000,3299,1000000,8274,246,8520,0.010009766,0.040039062,0,0.000000000,0,0.000000000,0.000000000,0.007178950,0,0.000000,0,246.000000,2.386719,0,344400,8388608,true
BEYOND the METTLE paper,grid,8192,1400,512,1,100,3,100,bec-1.5pct,0.015000000,3299,1000000,8274,246,8520,0.010009766,0.040039062,0,0.000000000,0,0.000000000,0.000000000,0.007178950,0,0.000000,0,246.000000,3.576172,0,344400,8388608,true
BEYOND the METTLE paper,grid,8192,1400,512,1,100,3,100,bec-2.0pct,0.020000000,3299,1000000,8274,246,8520,0.010009766,0.040039062,0,0.000000000,0,0.000000000,0.000000000,0.007178950,0,0.000000,0,246.000000,4.806641,0,344400,8388608,true
BEYOND the METTLE paper,grid,8192,1400,512,1,100,3,100,ge-short-1.089pct,0.010891089,3299,1000000,8274,246,8520,0.010009766,0.040039062,0,0.000000000,1,0.001953125,0.000049448,0.010833657,1,124.000000,124,245.761719,2.722656,0,344400,8388608,true
BEYOND the METTLE paper,grid,8192,1400,512,1,100,3,100,ge-long-1.089pct,0.010891089,3299,1000000,8274,246,8520,0.010009766,0.040039062,3,0.005859375,38,0.074218750,0.053054034,0.100450035,35,151.685714,244,238.111328,2.728516,0,344400,8388608,true
BEYOND the METTLE paper,grid,8192,1400,512,1,100,1,20,bec-0.1pct,0.001000000,22637,1000000,8274,410,8684,0.010009766,0.060058594,71,0.138671875,510,0.996093750,0.985961095,0.999526584,439,105.473804,264,92.037109,0.091797,0,574000,8388608,true
BEYOND the METTLE paper,grid,8192,1400,512,1,100,1,20,bec-0.5pct,0.005000000,22637,1000000,8274,410,8684,0.010009766,0.060058594,0,0.000000000,457,0.892578125,0.862477168,0.918044229,457,267.304158,378,282.632812,1.408203,0,574000,8388608,true
BEYOND the METTLE paper,grid,8192,1400,512,1,100,1,20,bec-1.0pct,0.010000000,22637,1000000,8274,410,8684,0.010009766,0.060058594,0,0.000000000,136,0.265625000,0.227839291,0.306141210,136,357.125000,406,395.955078,3.800781,0,574000,8388608,true
BEYOND the METTLE paper,grid,8192,1400,512,1,100,1,20,bec-1.5pct,0.015000000,22637,1000000,8274,410,8684,0.010009766,0.060058594,0,0.000000000,5,0.009765625,0.003178261,0.022641621,5,389.400000,409,409.798828,5.996094,0,574000,8388608,true
BEYOND the METTLE paper,grid,8192,1400,512,1,100,1,20,bec-2.0pct,0.020000000,22637,1000000,8274,410,8684,0.010009766,0.060058594,0,0.000000000,0,0.000000000,0.000000000,0.007178950,0,0.000000,0,410.000000,8.107422,0,574000,8388608,true
BEYOND the METTLE paper,grid,8192,1400,512,1,100,1,20,ge-short-1.089pct,0.010891089,22637,1000000,8274,410,8684,0.010009766,0.060058594,1,0.001953125,70,0.136718750,0.108153207,0.169554655,69,304.304348,401,394.955078,4.437500,0,574000,8388608,true
BEYOND the METTLE paper,grid,8192,1400,512,1,100,1,20,ge-long-1.089pct,0.010891089,22637,1000000,8274,410,8684,0.010009766,0.060058594,32,0.062500000,261,0.509765625,0.465538845,0.553879055,229,128.371179,316,258.412109,2.958984,0,574000,8388608,true
BEYOND the METTLE paper,grid,8192,1400,512,1,100,7,100,bec-0.1pct,0.001000000,1679,40000,8274,574,8848,0.010009766,0.080078125,138,0.269531250,512,1.000000000,0.992821050,1.000000000,374,82.770053,260,60.460938,0.042969,0,803600,8388608,true
BEYOND the METTLE paper,grid,8192,1400,512,1,100,7,100,bec-0.5pct,0.005000000,1679,40000,8274,574,8848,0.010009766,0.080078125,0,0.000000000,512,1.000000000,0.992821050,1.000000000,512,215.326172,376,215.326172,1.087891,0,803600,8388608,true
BEYOND the METTLE paper,grid,8192,1400,512,1,100,7,100,bec-1.0pct,0.010000000,1679,40000,8274,574,8848,0.010009766,0.080078125,0,0.000000000,509,0.994140625,0.982972625,0.998790022,509,340.833006,468,342.199219,3.248047,0,803600,8388608,true
BEYOND the METTLE paper,grid,8192,1400,512,1,100,7,100,bec-1.5pct,0.015000000,1679,40000,8274,574,8848,0.010009766,0.080078125,0,0.000000000,461,0.900390625,0.871114815,0.924932318,461,437.206074,545,450.832031,6.593750,0,803600,8388608,true
BEYOND the METTLE paper,grid,8192,1400,512,1,100,7,100,bec-2.0pct,0.020000000,1679,40000,8274,574,8848,0.010009766,0.080078125,0,0.000000000,262,0.511718750,0.467484253,0.555817227,262,503.606870,566,537.978516,10.628906,0,803600,8388608,true
BEYOND the METTLE paper,grid,8192,1400,512,1,100,7,100,ge-short-1.089pct,0.010891089,1679,40000,8274,574,8848,0.010009766,0.080078125,0,0.000000000,261,0.509765625,0.465538845,0.553879055,261,384.605364,553,477.453125,5.320312,0,803600,8388608,true
BEYOND the METTLE paper,grid,8192,1400,512,1,100,7,100,ge-long-1.089pct,0.010891089,1679,40000,8274,574,8848,0.010009766,0.080078125,63,0.123046875,288,0.562500000,0.518296901,0.605977502,225,152.724444,470,318.240234,4.015625,0,803600,8388608,true
BEYOND the METTLE paper,grid,8192,1400,512,1,50,3,100,bec-0.1pct,0.001000000,1621,125000,8356,246,8602,0.020019531,0.050048828,168,0.328125000,482,0.941406250,0.917407606,0.960121580,314,89.277070,220,69.166016,0.062500,0,344400,8388608,true
BEYOND the METTLE paper,grid,8192,1400,512,1,50,3,100,bec-0.5pct,0.005000000,1621,125000,8356,246,8602,0.020019531,0.050048828,0,0.000000000,99,0.193359375,0.160027307,0.230277214,99,191.959596,245,235.550781,1.166016,0,344400,8388608,true
BEYOND the METTLE paper,grid,8192,1400,512,1,50,3,100,bec-1.0pct,0.010000000,1621,125000,8356,246,8602,0.020019531,0.050048828,0,0.000000000,0,0.000000000,0.000000000,0.007178950,0,0.000000,0,246.000000,2.349609,0,344400,8388608,true
BEYOND the METTLE paper,grid,8192,1400,512,1,50,3,100,bec-1.5pct,0.015000000,1621,125000,8356,246,8602,0.020019531,0.050048828,0,0.000000000,0,0.000000000,0.000000000,0.007178950,0,0.000000,0,246.000000,3.541016,0,344400,8388608,true
BEYOND the METTLE paper,grid,8192,1400,512,1,50,3,100,bec-2.0pct,0.020000000,1621,125000,8356,246,8602,0.020019531,0.050048828,0,0.000000000,0,0.000000000,0.000000000,0.007178950,0,0.000000,0,246.000000,4.824219,0,344400,8388608,true
BEYOND the METTLE paper,grid,8192,1400,512,1,50,3,100,ge-short-1.089pct,0.010891089,1621,125000,8356,246,8602,0.020019531,0.050048828,0,0.000000000,14,0.027343750,0.015027969,0.045452911,14,139.571429,240,243.089844,2.539062,0,344400,8388608,true
BEYOND the METTLE paper,grid,8192,1400,512,1,50,3,100,ge-long-1.089pct,0.010891089,1621,125000,8356,246,8602,0.020019531,0.050048828,78,0.152343750,243,0.474609375,0.430634014,0.518879455,165,98.715152,219,161.058594,1.419922,0,344400,8388608,true
BEYOND the METTLE paper,grid,8192,1400,512,1,50,1,20,bec-0.1pct,0.001000000,16153,500000,8356,410,8766,0.020019531,0.070068359,334,0.652343750,512,1.000000000,0.992821050,1.000000000,178,68.348315,216,23.761719,0.015625,0,574000,8388608,true
BEYOND the METTLE paper,grid,8192,1400,512,1,50,1,20,bec-0.5pct,0.005000000,16153,500000,8356,410,8766,0.020019531,0.070068359,9,0.017578125,511,0.998046875,0.989166343,0.999950552,502,149.386454,277,147.269531,0.783203,0,574000,8388608,true
BEYOND the METTLE paper,grid,8192,1400,512,1,50,1,20,bec-1.0pct,0.010000000,16153,500000,8356,410,8766,0.020019531,0.070068359,0,0.000000000,461,0.900390625,0.871114815,0.924932318,461,281.045553,387,293.890625,2.816406,0,574000,8388608,true
BEYOND the METTLE paper,grid,8192,1400,512,1,50,1,20,bec-1.5pct,0.015000000,16153,500000,8356,410,8766,0.020019531,0.070068359,0,0.000000000,199,0.388671875,0.346221962,0.432414908,199,352.115578,406,387.501953,5.636719,0,574000,8388608,true
BEYOND the METTLE paper,grid,8192,1400,512,1,50,1,20,bec-2.0pct,0.020000000,16153,500000,8356,410,8766,0.020019531,0.070068359,0,0.000000000,12,0.023437500,0.012167791,0.040582439,12,385.916667,406,409.435547,8.101562,0,574000,8388608,true
BEYOND the METTLE paper,grid,8192,1400,512,1,50,1,20,ge-short-1.089pct,0.010891089,16153,500000,8356,410,8766,0.020019531,0.070068359,2,0.003906250,156,0.304687500,0.265069190,0.346578309,154,263.194805,402,364.242188,3.902344,0,574000,8388608,true
BEYOND the METTLE paper,grid,8192,1400,512,1,50,1,20,ge-long-1.089pct,0.010891089,16153,500000,8356,410,8766,0.020019531,0.070068359,151,0.294921875,272,0.531250000,0.486974563,0.575162699,121,132.669421,373,223.541016,2.029297,0,574000,8388608,true
BEYOND the METTLE paper,grid,8192,1400,512,1,50,7,100,bec-0.1pct,0.001000000,51643,1000000,8356,574,8930,0.020019531,0.090087891,390,0.761718750,512,1.000000000,0.992821050,1.000000000,122,76.442623,237,18.214844,0.031250,0,803600,8388608,true
BEYOND the METTLE paper,grid,8192,1400,512,1,50,7,100,bec-0.5pct,0.005000000,51643,1000000,8356,574,8930,0.020019531,0.090087891,15,0.029296875,512,1.000000000,0.992821050,1.000000000,497,128.239437,312,124.482422,0.644531,0,803600,8388608,true
BEYOND the METTLE paper,grid,8192,1400,512,1,50,7,100,bec-1.0pct,0.010000000,51643,1000000,8356,574,8930,0.020019531,0.090087891,0,0.000000000,512,1.000000000,0.992821050,1.000000000,512,242.296875,394,242.296875,2.285156,0,803600,8388608,true
BEYOND the METTLE paper,grid,8192,1400,512,1,50,7,100,bec-1.5pct,0.015000000,51643,1000000,8356,574,8930,0.020019531,0.090087891,0,0.000000000,512,1.000000000,0.992821050,1.000000000,512,337.978516,470,337.978516,4.947266,0,803600,8388608,true
BEYOND the METTLE paper,grid,8192,1400,512,1,50,7,100,bec-2.0pct,0.020000000,51643,1000000,8356,574,8930,0.020019531,0.090087891,0,0.000000000,472,0.921875000,0.895133643,0.943602204,472,424.815678,540,436.470703,8.664062,0,803600,8388608,true
BEYOND the METTLE paper,grid,8192,1400,512,1,50,7,100,ge-short-1.089pct,0.010891089,51643,1000000,8356,574,8930,0.020019531,0.090087891,5,0.009765625,365,0.712890625,0.671574388,0.751728525,360,343.327778,545,406.203125,4.507812,0,803600,8388608,true
BEYOND the METTLE paper,grid,8192,1400,512,1,50,7,100,ge-long-1.089pct,0.010891089,51643,1000000,8356,574,8930,0.020019531,0.090087891,167,0.326171875,297,0.580078125,0.535991209,0.623235234,130,229.623077,508,299.337891,3.404297,0,803600,8388608,true
BEYOND the METTLE paper,grid,8192,1400,512,1,25,3,100,bec-0.1pct,0.001000000,16153,500000,8520,246,8766,0.040039062,0.070068359,500,0.976562500,512,1.000000000,0.992821050,1.000000000,12,64.416667,132,1.509766,0.000000,0,344400,8388608,true
BEYOND the METTLE paper,grid,8192,1400,512,1,25,3,100,bec-0.5pct,0.005000000,16153,500000,8520,246,8766,0.040039062,0.070068359,319,0.623046875,511,0.998046875,0.989166343,0.999950552,192,62.557292,163,23.939453,0.105469,0,344400,8388608,true
BEYOND the METTLE paper,grid,8192,1400,512,1,25,3,100,bec-1.0pct,0.010000000,16153,500000,8520,246,8766,0.040039062,0.070068359,20,0.039062500,465,0.908203125,0.879800578,0.931771086,445,124.541573,226,130.826172,1.273438,0,344400,8388608,true
BEYOND the METTLE paper,grid,8192,1400,512,1,25,3,100,bec-1.5pct,0.015000000,16153,500000,8520,246,8766,0.040039062,0.070068359,0,0.000000000,217,0.423828125,0.380595060,0.467945610,217,191.354839,241,222.839844,3.287109,0,344400,8388608,true
BEYOND the METTLE paper,grid,8192,1400,512,1,25,3,100,bec-2.0pct,0.020000000,16153,500000,8520,246,8766,0.040039062,0.070068359,0,0.000000000,10,0.019531250,0.009404755,0.035624636,10,214.900000,241,245.392578,4.906250,0,344400,8388608,true
BEYOND the METTLE paper,grid,8192,1400,512,1,25,3,100,ge-short-1.089pct,0.010891089,16153,500000,8520,246,8766,0.040039062,0.070068359,33,0.064453125,162,0.316406250,0.276305903,0.358642074,129,140.751938,238,203.626953,2.439453,0,344400,8388608,true
BEYOND the METTLE paper,grid,8192,1400,512,1,25,3,100,ge-long-1.089pct,0.010891089,16153,500000,8520,246,8766,0.040039062,0.070068359,231,0.451171875,273,0.533203125,0.488927225,0.577093614,42,121.595238,220,124.806641,1.076172,0,344400,8388608,true
BEYOND the METTLE paper,grid,8192,1400,512,1,25,1,20,bec-0.1pct,0.001000000,51643,1000000,8520,410,8930,0.040039062,0.090087891,495,0.966796875,512,1.000000000,0.992821050,1.000000000,17,113.176471,334,3.757812,0.005859,0,574000,8388608,true
BEYOND the METTLE paper,grid,8192,1400,512,1,25,1,20,bec-0.5pct,0.005000000,51643,1000000,8520,410,8930,0.040039062,0.090087891,371,0.724609375,512,1.000000000,0.992821050,1.000000000,141,86.964539,250,23.949219,0.113281,0,574000,8388608,true
BEYOND the METTLE paper,grid,8192,1400,512,1,25,1,20,bec-1.0pct,0.010000000,51643,1000000,8520,410,8930,0.040039062,0.090087891,89,0.173828125,512,1.000000000,0.992821050,1.000000000,423,101.153664,230,83.570312,0.800781,0,574000,8388608,true
BEYOND the METTLE paper,grid,8192,1400,512,1,25,1,20,bec-1.5pct,0.015000000,51643,1000000,8520,410,8930,0.040039062,0.090087891,1,0.001953125,512,1.000000000,0.992821050,1.000000000,511,179.534247,330,179.183594,2.621094,0,574000,8388608,true
BEYOND the METTLE paper,grid,8192,1400,512,1,25,1,20,bec-2.0pct,0.020000000,51643,1000000,8520,410,8930,0.040039062,0.090087891,0,0.000000000,480,0.937500000,0.912911228,0.956860917,480,272.591667,383,281.179688,5.517578,0,574000,8388608,true
BEYOND the METTLE paper,grid,8192,1400,512,1,25,1,20,ge-short-1.089pct,0.010891089,51643,1000000,8520,410,8930,0.040039062,0.090087891,50,0.097656250,359,0.701171875,0.659464858,0.740537823,309,217.818770,383,253.976562,3.162109,0,574000,8388608,true
BEYOND the METTLE paper,grid,8192,1400,512,1,25,1,20,ge-long-1.089pct,0.010891089,51643,1000000,8520,410,8930,0.040039062,0.090087891,227,0.443359375,306,0.597656250,0.553740865,0.640437514,79,201.050633,394,195.982422,2.623047,0,574000,8388608,true
BEYOND the METTLE paper,grid,8192,1400,512,1,25,7,100,bec-0.1pct,0.001000000,17733,250000,8520,574,9094,0.040039062,0.110107422,483,0.943359375,512,1.000000000,0.992821050,1.000000000,29,122.344828,420,6.929688,0.007812,0,803600,8388608,true
BEYOND the METTLE paper,grid,8192,1400,512,1,25,7,100,bec-0.5pct,0.005000000,17733,250000,8520,574,9094,0.040039062,0.110107422,364,0.710937500,512,1.000000000,0.992821050,1.000000000,148,126.013514,389,36.425781,0.171875,0,803600,8388608,true
BEYOND the METTLE paper,grid,8192,1400,512,1,25,7,100,bec-1.0pct,0.010000000,17733,250000,8520,574,9094,0.040039062,0.110107422,121,0.236328125,511,0.998046875,0.989166343,0.999950552,390,126.858974,371,97.751953,0.925781,0,803600,8388608,true
BEYOND the METTLE paper,grid,8192,1400,512,1,25,7,100,bec-1.5pct,0.015000000,17733,250000,8520,574,9094,0.040039062,0.110107422,5,0.009765625,511,0.998046875,0.989166343,0.999950552,506,170.883399,380,170.001953,2.513672,0,803600,8388608,true
BEYOND the METTLE paper,grid,8192,1400,512,1,25,7,100,bec-2.0pct,0.020000000,17733,250000,8520,574,9094,0.040039062,0.110107422,0,0.000000000,510,0.996093750,0.985961095,0.999526584,510,247.052941,402,248.330078,4.966797,0,803600,8388608,true
BEYOND the METTLE paper,grid,8192,1400,512,1,25,7,100,ge-short-1.089pct,0.010891089,17733,250000,8520,574,9094,0.040039062,0.110107422,63,0.123046875,464,0.906250000,0.877624345,0.930066312,401,245.733167,489,246.271484,2.988281,0,803600,8388608,true
BEYOND the METTLE paper,grid,8192,1400,512,1,25,7,100,ge-long-1.089pct,0.010891089,17733,250000,8520,574,9094,0.040039062,0.110107422,217,0.423828125,330,0.644531250,0.601352824,0.686029997,113,270.539823,520,263.748047,2.867188,0,803600,8388608,true
BEYOND the METTLE paper,confirmation-best,8192,1400,4096,1,25,7,100,bec-0.1pct,0.001000000,17733,250000,8520,574,9094,0.040039062,0.110107422,3836,0.936523438,4096,1.000000000,0.999099800,1.000000000,260,122.803846,331,7.795166,0.008057,0,803600,8388608,true
BEYOND the METTLE paper,confirmation-best,8192,1400,4096,1,25,7,100,bec-0.5pct,0.005000000,17733,250000,8520,574,9094,0.040039062,0.110107422,2789,0.680908203,4096,1.000000000,0.999099800,1.000000000,1307,127.629686,345,40.725586,0.204346,0,803600,8388608,true
BEYOND the METTLE paper,confirmation-best,8192,1400,4096,1,25,7,100,bec-1.0pct,0.010000000,17733,250000,8520,574,9094,0.040039062,0.110107422,981,0.239501953,4095,0.999755859,0.998640494,0.999993819,3114,124.656069,344,94.910400,0.937988,0,803600,8388608,true
BEYOND the METTLE paper,confirmation-best,8192,1400,4096,1,25,7,100,bec-1.5pct,0.015000000,17733,250000,8520,574,9094,0.040039062,0.110107422,54,0.013183594,4093,0.999267578,0.997861059,0.999848932,4039,170.954692,369,168.996094,2.501465,0,803600,8388608,true
BEYOND the METTLE paper,confirmation-best,8192,1400,4096,1,25,7,100,bec-2.0pct,0.020000000,17733,250000,8520,574,9094,0.040039062,0.110107422,1,0.000244141,4085,0.997314453,0.995199907,0.998658646,4084,245.582762,408,246.404785,4.910400,0,803600,8388608,true
BEYOND the METTLE paper,confirmation-best,8192,1400,4096,1,25,7,100,ge-short-1.089pct,0.010891089,17733,250000,8520,574,9094,0.040039062,0.110107422,520,0.126953125,3729,0.910400391,0.901236348,0.918973991,3209,241.630726,498,240.735107,2.760498,0,803600,8388608,true
BEYOND the METTLE paper,confirmation-best,8192,1400,4096,1,25,7,100,ge-long-1.089pct,0.010891089,17733,250000,8520,574,9094,0.040039062,0.110107422,1849,0.451416016,2657,0.648681641,0.633838007,0.663312909,808,256.696782,526,252.294189,3.152100,0,803600,8388608,true
