schema_version,simulator_version,evidence_class,slice,profile,placement,utilization_percent,jitter,protocol,source_symbols,cadence,admission,sessions,seeds,barrier_mean_ns,barrier_p5_ns,barrier_p95_ns,sender_mean_ns,sender_p5_ns,sender_p95_ns,emissions_mean,emissions_p5,emissions_p95,application_drops_mean,stall_consumption_p95_ppm,link_drops_total
1,0.1.0,model-level realistic-envelope evidence; not a WAN measurement,main,aws-like,east-origin,30,false,carousel,8192,1x,hybrid-drop,1,16,5019904856,5019904736,5019905216,5103401632,5103401624,5103401764,67066,67066,67066,0,8866,0
1,0.1.0,model-level realistic-envelope evidence; not a WAN measurement,main,aws-like,east-origin,30,false,rounds,8192,1x,hybrid-drop,1,16,5019904826,5019904736,5019905216,5171194248,5171189101,5171216731,65864,65864,65864,0,344747,0
1,0.1.0,model-level realistic-envelope evidence; not a WAN measurement,main,aws-like,east-origin,30,false,per-stripe-fec,8192,1x,hybrid-drop,1,16,5431168795,5431166465,5431170145,5506670248,5506667918,5506671598,66554,66554,66554,0,367111,0
1,0.1.0,model-level realistic-envelope evidence; not a WAN measurement,main,aws-like,east-origin,30,false,best-single-tree0,8192,1x,hybrid-drop,1,16,9244158622,9244158592,9244159072,9319660154,9319660045,9319661790,56058,56058,56058,0,621310,0
1,0.1.0,model-level realistic-envelope evidence; not a WAN measurement,main,aws-like,east-origin,30,false,best-single-tree1,8192,1x,hybrid-drop,1,16,9288164602,9288162272,9288165952,9363666055,9363663725,9363667405,83322,83322,83322,0,624244,0
1,0.1.0,model-level realistic-envelope evidence; not a WAN measurement,main,aws-like,east-origin,30,true,carousel,8192,1x,hybrid-drop,1,16,5650985277,5421288212,5959736878,5730505732,5502223195,6040751963,67760,67242,68453,0,6464,0
1,0.1.0,model-level realistic-envelope evidence; not a WAN measurement,main,aws-like,east-origin,30,true,rounds,8192,1x,hybrid-drop,1,16,5651072938,5421288146,5959716689,5803232867,5560367334,6161087097,66245,64887,68679,0,410739,0
1,0.1.0,model-level realistic-envelope evidence; not a WAN measurement,main,aws-like,east-origin,30,true,per-stripe-fec,8192,1x,hybrid-drop,1,16,6091956166,5718423677,6490593687,6167882089,5793478261,6566625038,66862,66140,67783,0,437775,0
1,0.1.0,model-level realistic-envelope evidence; not a WAN measurement,main,aws-like,east-origin,30,true,best-single-tree0,8192,1x,hybrid-drop,1,16,9867982706,9641643281,10076449340,9943908983,9714394893,10152480691,57336,56294,58878,0,676832,0
1,0.1.0,model-level realistic-envelope evidence; not a WAN measurement,main,aws-like,east-origin,30,true,best-single-tree1,8192,1x,hybrid-drop,1,16,9930933808,9572930800,10329894305,10006859799,9647985384,10405925656,83601,81397,85778,0,693728,0
1,0.1.0,model-level realistic-envelope evidence; not a WAN measurement,main,aws-like,east-origin,50,false,carousel,8192,1x,hybrid-drop,1,16,5019904766,5019904736,5019905216,5103401624,5103401624,5103401624,67066,67066,67066,0,8866,0
1,0.1.0,model-level realistic-envelope evidence; not a WAN measurement,main,aws-like,east-origin,50,false,rounds,8192,1x,hybrid-drop,1,16,5019904796,5019904736,5019905216,5171192513,5171174921,5171201712,65864,65864,65864,0,344746,0
1,0.1.0,model-level realistic-envelope evidence; not a WAN measurement,main,aws-like,east-origin,50,false,per-stripe-fec,8192,1x,hybrid-drop,1,16,5431168565,5431166465,5431168865,5506670018,5506667918,5506670318,66554,66554,66554,0,367111,0
1,0.1.0,model-level realistic-envelope evidence; not a WAN measurement,main,aws-like,east-origin,50,false,best-single-tree0,8192,1x,hybrid-drop,1,16,9244158622,9244158592,9244159072,9319660139,9319660045,9319661077,56058,56058,56058,0,621310,0
1,0.1.0,model-level realistic-envelope evidence; not a WAN measurement,main,aws-like,east-origin,50,false,best-single-tree1,8192,1x,hybrid-drop,1,16,9288164565,9288162272,9288166907,9363666018,9363663725,9363668360,83322,83322,83322,0,624244,0
1,0.1.0,model-level realistic-envelope evidence; not a WAN measurement,main,aws-like,east-origin,50,true,carousel,8192,1x,hybrid-drop,1,16,5650988021,5421288212,5959736878,5730557510,5502223195,6040751963,67743,67242,68453,0,6464,0
1,0.1.0,model-level realistic-envelope evidence; not a WAN measurement,main,aws-like,east-origin,50,true,rounds,8192,1x,hybrid-drop,1,16,5650995026,5421288146,5959716689,5802507125,5560367334,6161087097,66269,64887,68679,0,410739,0
1,0.1.0,model-level realistic-envelope evidence; not a WAN measurement,main,aws-like,east-origin,50,true,per-stripe-fec,8192,1x,hybrid-drop,1,16,6091955669,5718423677,6490593687,6167882984,5793478261,6566625038,66818,66079,67758,0,437775,0
1,0.1.0,model-level realistic-envelope evidence; not a WAN measurement,main,aws-like,east-origin,50,true,best-single-tree0,8192,1x,hybrid-drop,1,16,9867656455,9641643114,10076449340,9943583335,9714394726,10152480691,57334,56294,58878,0,676832,0
1,0.1.0,model-level realistic-envelope evidence; not a WAN measurement,main,aws-like,east-origin,50,true,best-single-tree1,8192,1x,hybrid-drop,1,16,9930932831,9572930800,10329894305,10006858822,9647985384,10405925656,83503,81397,85778,0,693728,0
1,0.1.0,model-level realistic-envelope evidence; not a WAN measurement,main,aws-like,east-origin,70,false,carousel,8192,1x,hybrid-drop,1,16,5019904766,5019904736,5019905216,5103401624,5103401624,5103401624,67066,67066,67066,0,8866,0
1,0.1.0,model-level realistic-envelope evidence; not a WAN measurement,main,aws-like,east-origin,70,false,rounds,8192,1x,hybrid-drop,1,16,5019904766,5019904736,5019905216,5171189595,5171146528,5171193113,65864,65864,65864,0,344746,0
1,0.1.0,model-level realistic-envelope evidence; not a WAN measurement,main,aws-like,east-origin,70,false,per-stripe-fec,8192,1x,hybrid-drop,1,16,5431168715,5431166465,5431168865,5506670168,5506667918,5506670318,66554,66554,66554,0,367111,0
1,0.1.0,model-level realistic-envelope evidence; not a WAN measurement,main,aws-like,east-origin,70,false,best-single-tree0,8192,1x,hybrid-drop,1,16,9244158622,9244158592,9244159072,9319660075,9319660045,9319660525,56058,56058,56058,0,621310,0
1,0.1.0,model-level realistic-envelope evidence; not a WAN measurement,main,aws-like,east-origin,70,false,best-single-tree1,8192,1x,hybrid-drop,1,16,9288164707,9288162272,9288166448,9363666166,9363663725,9363668005,83322,83322,83322,0,624244,0
1,0.1.0,model-level realistic-envelope evidence; not a WAN measurement,main,aws-like,east-origin,70,true,carousel,8192,1x,hybrid-drop,1,16,5650979262,5421288212,5959736878,5730589168,5502223195,6040751963,67727,67140,68453,0,6464,0
1,0.1.0,model-level realistic-envelope evidence; not a WAN measurement,main,aws-like,east-origin,70,true,rounds,8192,1x,hybrid-drop,1,16,5651073089,5421288146,5959716689,5804556347,5560367334,6161087097,66268,64887,68679,0,410739,0
1,0.1.0,model-level realistic-envelope evidence; not a WAN measurement,main,aws-like,east-origin,70,true,per-stripe-fec,8192,1x,hybrid-drop,1,16,6091955488,5718423677,6490593687,6167884068,5793478261,6566625038,66789,65869,67758,0,437775,0
1,0.1.0,model-level realistic-envelope evidence; not a WAN measurement,main,aws-like,east-origin,70,true,best-single-tree0,8192,1x,hybrid-drop,1,16,9867708975,9641643887,10076449340,9943635240,9714395499,10152480691,57337,56294,58878,0,676832,0
1,0.1.0,model-level realistic-envelope evidence; not a WAN measurement,main,aws-like,east-origin,70,true,best-single-tree1,8192,1x,hybrid-drop,1,16,9930978154,9572930800,10329894305,10006904144,9647985384,10405925656,83626,81397,85778,0,693728,0
1,0.1.0,model-level realistic-envelope evidence; not a WAN measurement,main,aws-like,west-origin,30,false,carousel,8192,1x,hybrid-drop,1,16,5017913152,5017913152,5017913152,5077401117,5077401117,5077401117,37242,37242,37242,0,7333,0
1,0.1.0,model-level realistic-envelope evidence; not a WAN measurement,main,aws-like,west-origin,30,false,rounds,8192,1x,hybrid-drop,1,16,5017913152,5017913152,5017913152,5082973875,5082973875,5082973875,36134,36134,36134,0,338864,0
1,0.1.0,model-level realistic-envelope evidence; not a WAN measurement,main,aws-like,west-origin,30,false,per-stripe-fec,8192,1x,hybrid-drop,1,16,5054880736,5054880736,5054880736,5106381735,5106381735,5106381735,37242,37242,37242,0,340425,0
1,0.1.0,model-level realistic-envelope evidence; not a WAN measurement,main,aws-like,west-origin,30,false,best-single-tree0,8192,1x,hybrid-drop,1,16,9311159517,9311159517,9311159517,9362660516,9362660516,9362660516,55930,55930,55930,0,624177,0
1,0.1.0,model-level realistic-envelope evidence; not a WAN measurement,main,aws-like,west-origin,30,false,best-single-tree1,8192,1x,hybrid-drop,1,16,9242167008,9242167008,9242167008,9293668007,9293668007,9293668007,55290,55290,55290,0,619577,0
1,0.1.0,model-level realistic-envelope evidence; not a WAN measurement,main,aws-like,west-origin,30,true,carousel,8192,1x,hybrid-drop,1,16,5690346844,5454275450,5992057053,5745959394,5511969908,6048704795,38693,37446,40247,0,5300,0
1,0.1.0,model-level realistic-envelope evidence; not a WAN measurement,main,aws-like,west-origin,30,true,rounds,8192,1x,hybrid-drop,1,16,5690347535,5454275329,5992057053,5781376101,5538486692,6067918148,37968,36701,39589,0,404527,0
1,0.1.0,model-level realistic-envelope evidence; not a WAN measurement,main,aws-like,west-origin,30,true,per-stripe-fec,8192,1x,hybrid-drop,1,16,5766762731,5459471767,6204169686,5818695686,5508969418,6256646764,38700,37330,40313,0,417109,0
1,0.1.0,model-level realistic-envelope evidence; not a WAN measurement,main,aws-like,west-origin,30,true,best-single-tree0,8192,1x,hybrid-drop,1,16,9930061661,9714455876,10111258413,9981994615,9763953527,10164652440,57216,56028,58128,0,677643,0
1,0.1.0,model-level realistic-envelope evidence; not a WAN measurement,main,aws-like,west-origin,30,true,best-single-tree1,8192,1x,hybrid-drop,1,16,9931907499,9649377487,10431926672,9983840463,9698875138,10484403750,56823,55670,58952,0,698960,0
1,0.1.0,model-level realistic-envelope evidence; not a WAN measurement,main,aws-like,west-origin,50,false,carousel,8192,1x,hybrid-drop,1,16,5017913152,5017913152,5017913152,5077401117,5077401117,5077401117,37242,37242,37242,0,7333,0
1,0.1.0,model-level realistic-envelope evidence; not a WAN measurement,main,aws-like,west-origin,50,false,rounds,8192,1x,hybrid-drop,1,16,5017913152,5017913152,5017913152,5082973875,5082973875,5082973875,36134,36134,36134,0,338864,0
1,0.1.0,model-level realistic-envelope evidence; not a WAN measurement,main,aws-like,west-origin,50,false,per-stripe-fec,8192,1x,hybrid-drop,1,16,5054880736,5054880736,5054880736,5106381735,5106381735,5106381735,37242,37242,37242,0,340425,0
1,0.1.0,model-level realistic-envelope evidence; not a WAN measurement,main,aws-like,west-origin,50,false,best-single-tree0,8192,1x,hybrid-drop,1,16,9311159517,9311159517,9311159517,9362660516,9362660516,9362660516,55930,55930,55930,0,624177,0
1,0.1.0,model-level realistic-envelope evidence; not a WAN measurement,main,aws-like,west-origin,50,false,best-single-tree1,8192,1x,hybrid-drop,1,16,9242167008,9242167008,9242167008,9293668007,9293668007,9293668007,55290,55290,55290,0,619577,0
1,0.1.0,model-level realistic-envelope evidence; not a WAN measurement,main,aws-like,west-origin,50,true,carousel,8192,1x,hybrid-drop,1,16,5690346844,5454275450,5992057053,5745959394,5511969908,6048704795,38693,37446,40247,0,5300,0
1,0.1.0,model-level realistic-envelope evidence; not a WAN measurement,main,aws-like,west-origin,50,true,rounds,8192,1x,hybrid-drop,1,16,5690347535,5454275329,5992057053,5781376101,5538486692,6067918148,37968,36701,39589,0,404527,0
1,0.1.0,model-level realistic-envelope evidence; not a WAN measurement,main,aws-like,west-origin,50,true,per-stripe-fec,8192,1x,hybrid-drop,1,16,5766762731,5459471767,6204169686,5818695686,5508969418,6256646764,38700,37330,40313,0,417109,0
1,0.1.0,model-level realistic-envelope evidence; not a WAN measurement,main,aws-like,west-origin,50,true,best-single-tree0,8192,1x,hybrid-drop,1,16,9930061661,9714455876,10111258413,9981994615,9763953527,10164652440,57216,56028,58128,0,677643,0
1,0.1.0,model-level realistic-envelope evidence; not a WAN measurement,main,aws-like,west-origin,50,true,best-single-tree1,8192,1x,hybrid-drop,1,16,9931907499,9649377487,10431926672,9983840463,9698875138,10484403750,56823,55670,58952,0,698960,0
1,0.1.0,model-level realistic-envelope evidence; not a WAN measurement,main,aws-like,west-origin,70,false,carousel,8192,1x,hybrid-drop,1,16,5017913152,5017913152,5017913152,5077401117,5077401117,5077401117,37242,37242,37242,0,7333,0
1,0.1.0,model-level realistic-envelope evidence; not a WAN measurement,main,aws-like,west-origin,70,false,rounds,8192,1x,hybrid-drop,1,16,5017913152,5017913152,5017913152,5082973875,5082973875,5082973875,36134,36134,36134,0,338864,0
1,0.1.0,model-level realistic-envelope evidence; not a WAN measurement,main,aws-like,west-origin,70,false,per-stripe-fec,8192,1x,hybrid-drop,1,16,5054880736,5054880736,5054880736,5106381735,5106381735,5106381735,37242,37242,37242,0,340425,0
1,0.1.0,model-level realistic-envelope evidence; not a WAN measurement,main,aws-like,west-origin,70,false,best-single-tree0,8192,1x,hybrid-drop,1,16,9311159517,9311159517,9311159517,9362660516,9362660516,9362660516,55930,55930,55930,0,624177,0
1,0.1.0,model-level realistic-envelope evidence; not a WAN measurement,main,aws-like,west-origin,70,false,best-single-tree1,8192,1x,hybrid-drop,1,16,9242167008,9242167008,9242167008,9293668007,9293668007,9293668007,55290,55290,55290,0,619577,0
1,0.1.0,model-level realistic-envelope evidence; not a WAN measurement,main,aws-like,west-origin,70,true,carousel,8192,1x,hybrid-drop,1,16,5690346844,5454275450,5992057053,5745959394,5511969908,6048704795,38693,37446,40247,0,5300,0
1,0.1.0,model-level realistic-envelope evidence; not a WAN measurement,main,aws-like,west-origin,70,true,rounds,8192,1x,hybrid-drop,1,16,5690347535,5454275329,5992057053,5781376101,5538486692,6067918148,37968,36701,39589,0,404527,0
1,0.1.0,model-level realistic-envelope evidence; not a WAN measurement,main,aws-like,west-origin,70,true,per-stripe-fec,8192,1x,hybrid-drop,1,16,5766762731,5459471767,6204169686,5818695686,5508969418,6256646764,38700,37330,40313,0,417109,0
1,0.1.0,model-level realistic-envelope evidence; not a WAN measurement,main,aws-like,west-origin,70,true,best-single-tree0,8192,1x,hybrid-drop,1,16,9930061661,9714455876,10111258413,9981994615,9763953527,10164652440,57216,56028,58128,0,677643,0
1,0.1.0,model-level realistic-envelope evidence; not a WAN measurement,main,aws-like,west-origin,70,true,best-single-tree1,8192,1x,hybrid-drop,1,16,9931907499,9649377487,10431926672,9983840463,9698875138,10484403750,56823,55670,58952,0,698960,0
1,0.1.0,model-level realistic-envelope evidence; not a WAN measurement,main,digitalocean-like,east-origin,30,false,carousel,8192,1x,hybrid-drop,1,16,5395002873,5395002873,5395002873,5478502130,5478502130,5478502130,67578,67578,67578,0,9466,0
1,0.1.0,model-level realistic-envelope evidence; not a WAN measurement,main,digitalocean-like,east-origin,30,false,rounds,8192,1x,hybrid-drop,1,16,5395002873,5395002873,5395002873,5513562624,5513558474,5513594962,66505,66504,66509,0,367572,0
1,0.1.0,model-level realistic-envelope evidence; not a WAN measurement,main,digitalocean-like,east-origin,30,false,per-stripe-fec,8192,1x,hybrid-drop,1,16,5697813665,5697813593,5697814531,5773315570,5773315498,5773316436,67193,67193,67193,0,384887,0
1,0.1.0,model-level realistic-envelope evidence; not a WAN measurement,main,digitalocean-like,east-origin,30,false,best-single-tree0,8192,1x,hybrid-drop,1,16,9939312988,9939310745,9939314131,10014814970,10014812650,10014816036,58362,58362,58362,0,667654,0
1,0.1.0,model-level realistic-envelope evidence; not a WAN measurement,main,digitalocean-like,east-origin,30,false,best-single-tree1,8192,1x,hybrid-drop,1,16,9987310709,9987309913,9987312483,10062818206,10062812746,10062821398,84346,84346,84346,0,670854,0
1,0.1.0,model-level realistic-envelope evidence; not a WAN measurement,main,digitalocean-like,east-origin,30,true,carousel,8192,1x,hybrid-drop,1,16,6090893858,5834043067,6516475160,6171491497,5919105843,6595441497,68391,67502,69254,0,6250,0
1,0.1.0,model-level realistic-envelope evidence; not a WAN measurement,main,digitalocean-like,east-origin,30,true,rounds,8192,1x,hybrid-drop,1,16,6091133925,5833931028,6516474395,6230374680,6022695292,6620671766,67281,65705,68899,0,441378,0
1,0.1.0,model-level realistic-envelope evidence; not a WAN measurement,main,digitalocean-like,east-origin,30,true,per-stripe-fec,8192,1x,hybrid-drop,1,16,6478346374,6135579512,6980962827,6554272738,6210689085,7057011590,67580,66604,69184,0,470467,0
1,0.1.0,model-level realistic-envelope evidence; not a WAN measurement,main,digitalocean-like,east-origin,30,true,best-single-tree0,8192,1x,hybrid-drop,1,16,10618715833,10378152283,10930922984,10694640141,10450910537,11006971747,59895,58726,61814,0,733798,0
1,0.1.0,model-level realistic-envelope evidence; not a WAN measurement,main,digitalocean-like,east-origin,30,true,best-single-tree1,8192,1x,hybrid-drop,1,16,10692324726,10301067814,11154964659,10768249174,10376177387,11231013422,85090,83588,87311,0,748734,0
1,0.1.0,model-level realistic-envelope evidence; not a WAN measurement,main,digitalocean-like,east-origin,50,false,carousel,8192,1x,hybrid-drop,1,16,5395002873,5395002873,5395002873,5478502130,5478502130,5478502130,67578,67578,67578,0,9466,0
1,0.1.0,model-level realistic-envelope evidence; not a WAN measurement,main,digitalocean-like,east-origin,50,false,rounds,8192,1x,hybrid-drop,1,16,5395002873,5395002873,5395002873,5513558412,5513547083,5513566648,66504,66502,66505,0,367571,0
1,0.1.0,model-level realistic-envelope evidence; not a WAN measurement,main,digitalocean-like,east-origin,50,false,per-stripe-fec,8192,1x,hybrid-drop,1,16,5697813723,5697813593,5697815673,5773315628,5773315498,5773317578,67193,67193,67193,0,384887,0
1,0.1.0,model-level realistic-envelope evidence; not a WAN measurement,main,digitalocean-like,east-origin,50,false,best-single-tree0,8192,1x,hybrid-drop,1,16,9939313707,9939310745,9939314131,10014815612,10014812650,10014816036,58362,58362,58362,0,667654,0
1,0.1.0,model-level realistic-envelope evidence; not a WAN measurement,main,digitalocean-like,east-origin,50,false,best-single-tree1,8192,1x,hybrid-drop,1,16,9987311055,9987310499,9987313331,10062818837,10062814550,10062823640,84346,84346,84346,0,670854,0
1,0.1.0,model-level realistic-envelope evidence; not a WAN measurement,main,digitalocean-like,east-origin,50,true,carousel,8192,1x,hybrid-drop,1,16,6090893852,5834043067,6516475160,6171485274,5919105843,6595441497,68415,67502,69254,0,6250,0
1,0.1.0,model-level realistic-envelope evidence; not a WAN measurement,main,digitalocean-like,east-origin,50,true,rounds,8192,1x,hybrid-drop,1,16,6091095952,5833931028,6516474395,6230120984,6022695292,6620671766,67339,65705,68899,0,441378,0
1,0.1.0,model-level realistic-envelope evidence; not a WAN measurement,main,digitalocean-like,east-origin,50,true,per-stripe-fec,8192,1x,hybrid-drop,1,16,6478402185,6135579512,6980962827,6554327176,6210689085,7057011590,67579,66599,69184,0,470467,0
1,0.1.0,model-level realistic-envelope evidence; not a WAN measurement,main,digitalocean-like,east-origin,50,true,best-single-tree0,8192,1x,hybrid-drop,1,16,10618787580,10378151070,10930922984,10694712048,10450909324,11006971747,59895,58726,61814,0,733798,0
1,0.1.0,model-level realistic-envelope evidence; not a WAN measurement,main,digitalocean-like,east-origin,50,true,best-single-tree1,8192,1x,hybrid-drop,1,16,10692520461,10301067814,11154964659,10768444893,10376177387,11231013422,84982,82898,87311,0,748734,0
1,0.1.0,model-level realistic-envelope evidence; not a WAN measurement,main,digitalocean-like,east-origin,70,false,carousel,8192,1x,hybrid-drop,1,16,5395002873,5395002873,5395002873,5478502130,5478502130,5478502130,67578,67578,67578,0,9466,0
1,0.1.0,model-level realistic-envelope evidence; not a WAN measurement,main,digitalocean-like,east-origin,70,false,rounds,8192,1x,hybrid-drop,1,16,5395002873,5395002873,5395002873,5513557636,5513549320,5513558634,66504,66501,66505,0,367570,0
1,0.1.0,model-level realistic-envelope evidence; not a WAN measurement,main,digitalocean-like,east-origin,70,false,per-stripe-fec,8192,1x,hybrid-drop,1,16,5697813598,5697813593,5697813673,5773315503,5773315498,5773315578,67193,67193,67193,0,384887,0
1,0.1.0,model-level realistic-envelope evidence; not a WAN measurement,main,digitalocean-like,east-origin,70,false,best-single-tree0,8192,1x,hybrid-drop,1,16,9939313707,9939310745,9939314131,10014815612,10014812650,10014816036,58362,58362,58362,0,667654,0
1,0.1.0,model-level realistic-envelope evidence; not a WAN measurement,main,digitalocean-like,east-origin,70,false,best-single-tree1,8192,1x,hybrid-drop,1,16,9987310796,9987309913,9987311053,10062818845,10062815422,10062820434,84346,84346,84346,0,670854,0
1,0.1.0,model-level realistic-envelope evidence; not a WAN measurement,main,digitalocean-like,east-origin,70,true,carousel,8192,1x,hybrid-drop,1,16,6090667001,5834043067,6516475160,6170946545,5919105843,6595441497,68381,67502,69254,0,6250,0
1,0.1.0,model-level realistic-envelope evidence; not a WAN measurement,main,digitalocean-like,east-origin,70,true,rounds,8192,1x,hybrid-drop,1,16,6090869957,5833931028,6516474395,6233879644,6022695292,6620671766,67338,65705,68899,0,441378,0
1,0.1.0,model-level realistic-envelope evidence; not a WAN measurement,main,digitalocean-like,east-origin,70,true,per-stripe-fec,8192,1x,hybrid-drop,1,16,6478284808,6135579512,6980962827,6554209799,6210689085,7057011590,67586,66604,69184,0,470467,0
1,0.1.0,model-level realistic-envelope evidence; not a WAN measurement,main,digitalocean-like,east-origin,70,true,best-single-tree0,8192,1x,hybrid-drop,1,16,10618787087,10378151070,10930922984,10694711510,10450909324,11006971747,59895,58726,61814,0,733798,0
1,0.1.0,model-level realistic-envelope evidence; not a WAN measurement,main,digitalocean-like,east-origin,70,true,best-single-tree1,8192,1x,hybrid-drop,1,16,10692395221,10301067814,11154964659,10768319978,10376177387,11231013422,85014,83335,87311,0,748734,0
1,0.1.0,model-level realistic-envelope evidence; not a WAN measurement,main,digitalocean-like,west-origin,30,false,carousel,8192,1x,hybrid-drop,1,16,5397505337,5397505337,5397505337,5457501370,5457501370,5457501370,38266,38266,38266,0,8073,0
1,0.1.0,model-level realistic-envelope evidence; not a WAN measurement,main,digitalocean-like,west-origin,30,false,rounds,8192,1x,hybrid-drop,1,16,5397505337,5397505337,5397505337,5489423529,5489345736,5489439832,37292,37292,37292,0,365962,0
1,0.1.0,model-level realistic-envelope evidence; not a WAN measurement,main,digitalocean-like,west-origin,30,false,per-stripe-fec,8192,1x,hybrid-drop,1,16,5433571401,5433571257,5433571665,5485572626,5485572482,5485572890,37916,37915,37923,0,365704,0
1,0.1.0,model-level realistic-envelope evidence; not a WAN measurement,main,digitalocean-like,west-origin,30,false,best-single-tree0,8192,1x,hybrid-drop,1,16,10009800588,10009800385,10009803279,10061801999,10061801684,10061806444,57850,57850,57850,0,670787,0
1,0.1.0,model-level realistic-envelope evidence; not a WAN measurement,main,digitalocean-like,west-origin,30,false,best-single-tree1,8192,1x,hybrid-drop,1,16,9941822329,9941822329,9941822329,9993823554,9993823554,9993823554,56826,56826,56826,0,666254,0
1,0.1.0,model-level realistic-envelope evidence; not a WAN measurement,main,digitalocean-like,west-origin,30,true,carousel,8192,1x,hybrid-drop,1,16,6134824476,5866910321,6423979097,6190236227,5924354682,6481371633,39987,38605,41389,0,4974,0
1,0.1.0,model-level realistic-envelope evidence; not a WAN measurement,main,digitalocean-like,west-origin,30,true,rounds,8192,1x,hybrid-drop,1,16,6134823387,5866909200,6423985429,6249179917,5923656062,6526359818,39248,37883,40712,0,435090,0
1,0.1.0,model-level realistic-envelope evidence; not a WAN measurement,main,digitalocean-like,west-origin,30,true,per-stripe-fec,8192,1x,hybrid-drop,1,16,6192629625,5874699357,6547389473,6245059326,5924690834,6600395526,39918,38561,41362,0,440026,0
1,0.1.0,model-level realistic-envelope evidence; not a WAN measurement,main,digitalocean-like,west-origin,30,true,best-single-tree0,8192,1x,hybrid-drop,1,16,10694899904,10446884981,10879586446,10747329746,10496876326,10933707237,59409,58116,60318,0,728913,0
1,0.1.0,model-level realistic-envelope evidence; not a WAN measurement,main,digitalocean-like,west-origin,30,true,best-single-tree1,8192,1x,hybrid-drop,1,16,10685328831,10381883709,11103743001,10737758534,10431875054,11156749054,58599,57426,60292,0,743783,0
1,0.1.0,model-level realistic-envelope evidence; not a WAN measurement,main,digitalocean-like,west-origin,50,false,carousel,8192,1x,hybrid-drop,1,16,5397505337,5397505337,5397505337,5457501370,5457501370,5457501370,38266,38266,38266,0,8073,0
1,0.1.0,model-level realistic-envelope evidence; not a WAN measurement,main,digitalocean-like,west-origin,50,false,rounds,8192,1x,hybrid-drop,1,16,5397505337,5397505337,5397505337,5489427922,5489427922,5489427922,37292,37292,37292,0,365961,0
1,0.1.0,model-level realistic-envelope evidence; not a WAN measurement,main,digitalocean-like,west-origin,50,false,per-stripe-fec,8192,1x,hybrid-drop,1,16,5433571393,5433571393,5433571393,5485572618,5485572618,5485572618,37916,37916,37916,0,365704,0
1,0.1.0,model-level realistic-envelope evidence; not a WAN measurement,main,digitalocean-like,west-origin,50,false,best-single-tree0,8192,1x,hybrid-drop,1,16,10009800385,10009800385,10009800385,10061801684,10061801684,10061801684,57850,57850,57850,0,670786,0
1,0.1.0,model-level realistic-envelope evidence; not a WAN measurement,main,digitalocean-like,west-origin,50,false,best-single-tree1,8192,1x,hybrid-drop,1,16,9941822329,9941822329,9941822329,9993823554,9993823554,9993823554,56826,56826,56826,0,666254,0
1,0.1.0,model-level realistic-envelope evidence; not a WAN measurement,main,digitalocean-like,west-origin,50,true,carousel,8192,1x,hybrid-drop,1,16,6134824476,5866910321,6423979097,6190236227,5924354682,6481371633,39987,38605,41389,0,4974,0
1,0.1.0,model-level realistic-envelope evidence; not a WAN measurement,main,digitalocean-like,west-origin,50,true,rounds,8192,1x,hybrid-drop,1,16,6134823387,5866909200,6423985429,6249179917,5923656062,6526359818,39248,37883,40712,0,435090,0
1,0.1.0,model-level realistic-envelope evidence; not a WAN measurement,main,digitalocean-like,west-origin,50,true,per-stripe-fec,8192,1x,hybrid-drop,1,16,6192629625,5874699357,6547389473,6245059326,5924690834,6600395526,39918,38561,41362,0,440026,0
1,0.1.0,model-level realistic-envelope evidence; not a WAN measurement,main,digitalocean-like,west-origin,50,true,best-single-tree0,8192,1x,hybrid-drop,1,16,10694899904,10446884981,10879586446,10747329746,10496876326,10933707237,59409,58116,60318,0,728913,0
1,0.1.0,model-level realistic-envelope evidence; not a WAN measurement,main,digitalocean-like,west-origin,50,true,best-single-tree1,8192,1x,hybrid-drop,1,16,10685328831,10381883709,11103743001,10737758534,10431875054,11156749054,58599,57426,60292,0,743783,0
1,0.1.0,model-level realistic-envelope evidence; not a WAN measurement,main,digitalocean-like,west-origin,70,false,carousel,8192,1x,hybrid-drop,1,16,5397505337,5397505337,5397505337,5457501370,5457501370,5457501370,38266,38266,38266,0,8073,0
1,0.1.0,model-level realistic-envelope evidence; not a WAN measurement,main,digitalocean-like,west-origin,70,false,rounds,8192,1x,hybrid-drop,1,16,5397505337,5397505337,5397505337,5489427922,5489427922,5489427922,37292,37292,37292,0,365961,0
1,0.1.0,model-level realistic-envelope evidence; not a WAN measurement,main,digitalocean-like,west-origin,70,false,per-stripe-fec,8192,1x,hybrid-drop,1,16,5433571393,5433571393,5433571393,5485572618,5485572618,5485572618,37916,37916,37916,0,365704,0
1,0.1.0,model-level realistic-envelope evidence; not a WAN measurement,main,digitalocean-like,west-origin,70,false,best-single-tree0,8192,1x,hybrid-drop,1,16,10009800385,10009800385,10009800385,10061801684,10061801684,10061801684,57850,57850,57850,0,670786,0
1,0.1.0,model-level realistic-envelope evidence; not a WAN measurement,main,digitalocean-like,west-origin,70,false,best-single-tree1,8192,1x,hybrid-drop,1,16,9941822329,9941822329,9941822329,9993823554,9993823554,9993823554,56826,56826,56826,0,666254,0
1,0.1.0,model-level realistic-envelope evidence; not a WAN measurement,main,digitalocean-like,west-origin,70,true,carousel,8192,1x,hybrid-drop,1,16,6134824476,5866910321,6423979097,6190236227,5924354682,6481371633,39987,38605,41389,0,4974,0
1,0.1.0,model-level realistic-envelope evidence; not a WAN measurement,main,digitalocean-like,west-origin,70,true,rounds,8192,1x,hybrid-drop,1,16,6134823387,5866909200,6423985429,6249179917,5923656062,6526359818,39248,37883,40712,0,435090,0
1,0.1.0,model-level realistic-envelope evidence; not a WAN measurement,main,digitalocean-like,west-origin,70,true,per-stripe-fec,8192,1x,hybrid-drop,1,16,6192629625,5874699357,6547389473,6245059326,5924690834,6600395526,39918,38561,41362,0,440026,0
1,0.1.0,model-level realistic-envelope evidence; not a WAN measurement,main,digitalocean-like,west-origin,70,true,best-single-tree0,8192,1x,hybrid-drop,1,16,10694899904,10446884981,10879586446,10747329746,10496876326,10933707237,59409,58116,60318,0,728913,0
1,0.1.0,model-level realistic-envelope evidence; not a WAN measurement,main,digitalocean-like,west-origin,70,true,best-single-tree1,8192,1x,hybrid-drop,1,16,10685328831,10381883709,11103743001,10737758534,10431875054,11156749054,58599,57426,60292,0,743783,0
1,0.1.0,model-level realistic-envelope evidence; not a WAN measurement,main,gcp-like,east-origin,30,false,carousel,8192,1x,hybrid-drop,1,16,4681801755,4681801192,4681803360,4764301207,4764301207,4764301207,66810,66810,66810,0,8266,0
1,0.1.0,model-level realistic-envelope evidence; not a WAN measurement,main,gcp-like,east-origin,30,false,rounds,8192,1x,hybrid-drop,1,16,4681801452,4681800600,4681801599,4864587034,4864583402,4864611244,65608,65608,65608,0,324307,0
1,0.1.0,model-level realistic-envelope evidence; not a WAN measurement,main,gcp-like,east-origin,30,false,per-stripe-fec,8192,1x,hybrid-drop,1,16,5065349714,5065349714,5065349714,5139850759,5139850759,5139850759,66298,66298,66298,0,342656,0
1,0.1.0,model-level realistic-envelope evidence; not a WAN measurement,main,gcp-like,east-origin,30,false,best-single-tree0,8192,1x,hybrid-drop,1,16,8617972548,8617972376,8617975136,8692473610,8692473421,8692476181,55546,55546,55546,0,579498,0
1,0.1.0,model-level realistic-envelope evidence; not a WAN measurement,main,gcp-like,east-origin,30,false,best-single-tree1,8192,1x,hybrid-drop,1,16,8660975136,8660975136,8660975136,8735476192,8735476181,8735476368,82682,82682,82682,0,582365,0
1,0.1.0,model-level realistic-envelope evidence; not a WAN measurement,main,gcp-like,east-origin,30,true,carousel,8192,1x,hybrid-drop,1,16,5245091308,5053367875,5545302455,5323298296,5134660834,5624049534,67435,66483,68865,0,5105,0
1,0.1.0,model-level realistic-envelope evidence; not a WAN measurement,main,gcp-like,east-origin,30,true,rounds,8192,1x,hybrid-drop,1,16,5245090717,5053367822,5545302455,5407560360,5204599883,5661287002,65590,64052,67677,0,377419,0
1,0.1.0,model-level realistic-envelope evidence; not a WAN measurement,main,gcp-like,east-origin,30,true,per-stripe-fec,8192,1x,hybrid-drop,1,16,5723741002,5435880668,6066384896,5798671277,5509867022,6141413492,66475,65471,67779,0,409427,0
1,0.1.0,model-level realistic-envelope evidence; not a WAN measurement,main,gcp-like,east-origin,30,true,best-single-tree0,8192,1x,hybrid-drop,1,16,9140567110,8916226570,9480611277,9215497479,8990533822,9556643638,56337,55040,58202,0,637109,0
1,0.1.0,model-level realistic-envelope evidence; not a WAN measurement,main,gcp-like,east-origin,30,true,best-single-tree1,8192,1x,hybrid-drop,1,16,9261576997,8934058066,9636731012,9336507248,9008044420,9711759608,83027,81558,84252,0,647450,0
1,0.1.0,model-level realistic-envelope evidence; not a WAN measurement,main,gcp-like,east-origin,50,false,carousel,8192,1x,hybrid-drop,1,16,4681801605,4681800841,4681801706,4764301207,4764301207,4764301207,66810,66810,66810,0,8266,0
1,0.1.0,model-level realistic-envelope evidence; not a WAN measurement,main,gcp-like,east-origin,50,false,rounds,8192,1x,hybrid-drop,1,16,4681801474,4681800600,4681801599,4864584435,4864583142,4864588608,65608,65608,65608,0,324305,0
1,0.1.0,model-level realistic-envelope evidence; not a WAN measurement,main,gcp-like,east-origin,50,false,per-stripe-fec,8192,1x,hybrid-drop,1,16,5065349714,5065349714,5065349714,5139850759,5139850759,5139850759,66298,66298,66298,0,342656,0
1,0.1.0,model-level realistic-envelope evidence; not a WAN measurement,main,gcp-like,east-origin,50,false,best-single-tree0,8192,1x,hybrid-drop,1,16,8617972435,8617972376,8617973321,8692473486,8692473421,8692474443,55546,55546,55546,0,579498,0
1,0.1.0,model-level realistic-envelope evidence; not a WAN measurement,main,gcp-like,east-origin,50,false,best-single-tree1,8192,1x,hybrid-drop,1,16,8660975136,8660975136,8660975136,8735476181,8735476181,8735476186,82682,82682,82682,0,582365,0
1,0.1.0,model-level realistic-envelope evidence; not a WAN measurement,main,gcp-like,east-origin,50,true,carousel,8192,1x,hybrid-drop,1,16,5245091174,5053367875,5545302455,5323292046,5134660834,5624049534,67427,66483,68865,0,5105,0
1,0.1.0,model-level realistic-envelope evidence; not a WAN measurement,main,gcp-like,east-origin,50,true,rounds,8192,1x,hybrid-drop,1,16,5245090632,5053367822,5545302455,5408035873,5204599883,5661287002,65586,64052,67677,0,377419,0
1,0.1.0,model-level realistic-envelope evidence; not a WAN measurement,main,gcp-like,east-origin,50,true,per-stripe-fec,8192,1x,hybrid-drop,1,16,5723741047,5435880668,6066384896,5798671305,5509867022,6141413492,66422,65471,67779,0,409427,0
1,0.1.0,model-level realistic-envelope evidence; not a WAN measurement,main,gcp-like,east-origin,50,true,best-single-tree0,8192,1x,hybrid-drop,1,16,9140567658,8916226570,9480611277,9215498050,8990533822,9556643638,56335,55034,58202,0,637109,0
1,0.1.0,model-level realistic-envelope evidence; not a WAN measurement,main,gcp-like,east-origin,50,true,best-single-tree1,8192,1x,hybrid-drop,1,16,9261577292,8934058066,9636731012,9336507544,9008044420,9711759608,82944,81558,84252,0,647450,0
1,0.1.0,model-level realistic-envelope evidence; not a WAN measurement,main,gcp-like,east-origin,70,false,carousel,8192,1x,hybrid-drop,1,16,4681801638,4681800600,4681801736,4764301376,4764301207,4764302567,66810,66810,66810,0,8266,0
1,0.1.0,model-level realistic-envelope evidence; not a WAN measurement,main,gcp-like,east-origin,70,false,rounds,8192,1x,hybrid-drop,1,16,4681801530,4681800600,4681801599,4864584238,4864582996,4864585607,65608,65608,65608,0,324305,0
1,0.1.0,model-level realistic-envelope evidence; not a WAN measurement,main,gcp-like,east-origin,70,false,per-stripe-fec,8192,1x,hybrid-drop,1,16,5065349714,5065349714,5065349714,5139850759,5139850759,5139850759,66298,66298,66298,0,342656,0
1,0.1.0,model-level realistic-envelope evidence; not a WAN measurement,main,gcp-like,east-origin,70,false,best-single-tree0,8192,1x,hybrid-drop,1,16,8617972440,8617972376,8617973404,8692473485,8692473421,8692474449,55546,55546,55546,0,579498,0
1,0.1.0,model-level realistic-envelope evidence; not a WAN measurement,main,gcp-like,east-origin,70,false,best-single-tree1,8192,1x,hybrid-drop,1,16,8660975136,8660975136,8660975136,8735476181,8735476181,8735476181,82682,82682,82682,0,582365,0
1,0.1.0,model-level realistic-envelope evidence; not a WAN measurement,main,gcp-like,east-origin,70,true,carousel,8192,1x,hybrid-drop,1,16,5245091107,5053367875,5545302455,5323292046,5134660834,5624049534,67445,66483,68865,0,5105,0
1,0.1.0,model-level realistic-envelope evidence; not a WAN measurement,main,gcp-like,east-origin,70,true,rounds,8192,1x,hybrid-drop,1,16,5245091532,5053367822,5545302455,5408676774,5204599883,5661287002,65582,64052,67677,0,377419,0
1,0.1.0,model-level realistic-envelope evidence; not a WAN measurement,main,gcp-like,east-origin,70,true,per-stripe-fec,8192,1x,hybrid-drop,1,16,5723741313,5435880668,6066384896,5798671694,5509867022,6141413492,66463,65471,67779,0,409427,0
1,0.1.0,model-level realistic-envelope evidence; not a WAN measurement,main,gcp-like,east-origin,70,true,best-single-tree0,8192,1x,hybrid-drop,1,16,9140567730,8916226570,9480611277,9215498099,8990533822,9556643638,56335,55028,58202,0,637109,0
1,0.1.0,model-level realistic-envelope evidence; not a WAN measurement,main,gcp-like,east-origin,70,true,best-single-tree1,8192,1x,hybrid-drop,1,16,9261577098,8934058066,9636731012,9336507363,9008044420,9711759608,83031,81558,84252,0,647450,0
1,0.1.0,model-level realistic-envelope evidence; not a WAN measurement,main,gcp-like,west-origin,30,false,carousel,8192,1x,hybrid-drop,1,16,4677812535,4677812535,4677812535,4737300788,4737300788,4737300788,36730,36730,36730,0,6800,0
1,0.1.0,model-level realistic-envelope evidence; not a WAN measurement,main,gcp-like,west-origin,30,false,rounds,8192,1x,hybrid-drop,1,16,4677812535,4677812535,4677812535,4758700897,4758700897,4758700897,35622,35622,35622,0,317246,0
1,0.1.0,model-level realistic-envelope evidence; not a WAN measurement,main,gcp-like,west-origin,30,false,per-stripe-fec,8192,1x,hybrid-drop,1,16,4713904600,4713904600,4713904600,4765405305,4765405305,4765405305,36346,36346,36346,0,317693,0
1,0.1.0,model-level realistic-envelope evidence; not a WAN measurement,main,gcp-like,west-origin,30,false,best-single-tree0,8192,1x,hybrid-drop,1,16,8681972376,8681972376,8681972376,8733473081,8733473081,8733473081,54906,54906,54906,0,582231,0
1,0.1.0,model-level realistic-envelope evidence; not a WAN measurement,main,gcp-like,west-origin,30,false,best-single-tree1,8192,1x,hybrid-drop,1,16,8613984311,8613984311,8613984311,8665485016,8665485016,8665485016,53922,53922,53922,0,577699,0
1,0.1.0,model-level realistic-envelope evidence; not a WAN measurement,main,gcp-like,west-origin,30,true,carousel,8192,1x,hybrid-drop,1,16,5301399408,5085820377,5557415826,5357630009,5146039010,5617070297,38097,37009,39467,0,5004,0
1,0.1.0,model-level realistic-envelope evidence; not a WAN measurement,main,gcp-like,west-origin,30,true,rounds,8192,1x,hybrid-drop,1,16,5301399404,5085820377,5557415826,5415573501,5203281350,5669592834,37337,36163,38732,0,377972,0
1,0.1.0,model-level realistic-envelope evidence; not a WAN measurement,main,gcp-like,west-origin,30,true,per-stripe-fec,8192,1x,hybrid-drop,1,16,5366195186,5093352558,5669572048,5418135041,5142839452,5722037392,38011,36896,39430,0,381469,0
1,0.1.0,model-level realistic-envelope evidence; not a WAN measurement,main,gcp-like,west-origin,30,true,best-single-tree0,8192,1x,hybrid-drop,1,16,9253541266,9055337359,9424748504,9305481109,9106941720,9478163006,56124,55073,57042,0,631877,0
1,0.1.0,model-level realistic-envelope evidence; not a WAN measurement,main,gcp-like,west-origin,30,true,best-single-tree1,8192,1x,hybrid-drop,1,16,9249541388,8994110265,9619542240,9301481230,9043597159,9672007477,55317,54214,56942,0,644800,0
1,0.1.0,model-level realistic-envelope evidence; not a WAN measurement,main,gcp-like,west-origin,50,false,carousel,8192,1x,hybrid-drop,1,16,4677812535,4677812535,4677812535,4737300788,4737300788,4737300788,36730,36730,36730,0,6800,0
1,0.1.0,model-level realistic-envelope evidence; not a WAN measurement,main,gcp-like,west-origin,50,false,rounds,8192,1x,hybrid-drop,1,16,4677812535,4677812535,4677812535,4758700897,4758700897,4758700897,35622,35622,35622,0,317246,0
1,0.1.0,model-level realistic-envelope evidence; not a WAN measurement,main,gcp-like,west-origin,50,false,per-stripe-fec,8192,1x,hybrid-drop,1,16,4713904600,4713904600,4713904600,4765405305,4765405305,4765405305,36346,36346,36346,0,317693,0
1,0.1.0,model-level realistic-envelope evidence; not a WAN measurement,main,gcp-like,west-origin,50,false,best-single-tree0,8192,1x,hybrid-drop,1,16,8681972376,8681972376,8681972376,8733473081,8733473081,8733473081,54906,54906,54906,0,582231,0
1,0.1.0,model-level realistic-envelope evidence; not a WAN measurement,main,gcp-like,west-origin,50,false,best-single-tree1,8192,1x,hybrid-drop,1,16,8613984311,8613984311,8613984311,8665485016,8665485016,8665485016,53922,53922,53922,0,577699,0
1,0.1.0,model-level realistic-envelope evidence; not a WAN measurement,main,gcp-like,west-origin,50,true,carousel,8192,1x,hybrid-drop,1,16,5301399408,5085820377,5557415826,5357630009,5146039010,5617070297,38097,37009,39467,0,5004,0
1,0.1.0,model-level realistic-envelope evidence; not a WAN measurement,main,gcp-like,west-origin,50,true,rounds,8192,1x,hybrid-drop,1,16,5301399404,5085820377,5557415826,5415573501,5203281350,5669592834,37337,36163,38732,0,377972,0
1,0.1.0,model-level realistic-envelope evidence; not a WAN measurement,main,gcp-like,west-origin,50,true,per-stripe-fec,8192,1x,hybrid-drop,1,16,5366195186,5093352558,5669572048,5418135041,5142839452,5722037392,38011,36896,39430,0,381469,0
1,0.1.0,model-level realistic-envelope evidence; not a WAN measurement,main,gcp-like,west-origin,50,true,best-single-tree0,8192,1x,hybrid-drop,1,16,9253541266,9055337359,9424748504,9305481109,9106941720,9478163006,56124,55073,57042,0,631877,0
1,0.1.0,model-level realistic-envelope evidence; not a WAN measurement,main,gcp-like,west-origin,50,true,best-single-tree1,8192,1x,hybrid-drop,1,16,9249541388,8994110265,9619542240,9301481230,9043597159,9672007477,55317,54214,56942,0,644800,0
1,0.1.0,model-level realistic-envelope evidence; not a WAN measurement,main,gcp-like,west-origin,70,false,carousel,8192,1x,hybrid-drop,1,16,4677812535,4677812535,4677812535,4737300788,4737300788,4737300788,36730,36730,36730,0,6800,0
1,0.1.0,model-level realistic-envelope evidence; not a WAN measurement,main,gcp-like,west-origin,70,false,rounds,8192,1x,hybrid-drop,1,16,4677812535,4677812535,4677812535,4758700897,4758700897,4758700897,35622,35622,35622,0,317246,0
1,0.1.0,model-level realistic-envelope evidence; not a WAN measurement,main,gcp-like,west-origin,70,false,per-stripe-fec,8192,1x,hybrid-drop,1,16,4713904600,4713904600,4713904600,4765405305,4765405305,4765405305,36346,36346,36346,0,317693,0
1,0.1.0,model-level realistic-envelope evidence; not a WAN measurement,main,gcp-like,west-origin,70,false,best-single-tree0,8192,1x,hybrid-drop,1,16,8681972376,8681972376,8681972376,8733473081,8733473081,8733473081,54906,54906,54906,0,582231,0
1,0.1.0,model-level realistic-envelope evidence; not a WAN measurement,main,gcp-like,west-origin,70,false,best-single-tree1,8192,1x,hybrid-drop,1,16,8613984311,8613984311,8613984311,8665485016,8665485016,8665485016,53922,53922,53922,0,577699,0
1,0.1.0,model-level realistic-envelope evidence; not a WAN measurement,main,gcp-like,west-origin,70,true,carousel,8192,1x,hybrid-drop,1,16,5301399408,5085820377,5557415826,5357630009,5146039010,5617070297,38097,37009,39467,0,5004,0
1,0.1.0,model-level realistic-envelope evidence; not a WAN measurement,main,gcp-like,west-origin,70,true,rounds,8192,1x,hybrid-drop,1,16,5301399404,5085820377,5557415826,5415573501,5203281350,5669592834,37337,36163,38732,0,377972,0
1,0.1.0,model-level realistic-envelope evidence; not a WAN measurement,main,gcp-like,west-origin,70,true,per-stripe-fec,8192,1x,hybrid-drop,1,16,5366195186,5093352558,5669572048,5418135041,5142839452,5722037392,38011,36896,39430,0,381469,0
1,0.1.0,model-level realistic-envelope evidence; not a WAN measurement,main,gcp-like,west-origin,70,true,best-single-tree0,8192,1x,hybrid-drop,1,16,9253541266,9055337359,9424748504,9305481109,9106941720,9478163006,56124,55073,57042,0,631877,0
1,0.1.0,model-level realistic-envelope evidence; not a WAN measurement,main,gcp-like,west-origin,70,true,best-single-tree1,8192,1x,hybrid-drop,1,16,9249541388,8994110265,9619542240,9301481230,9043597159,9672007477,55317,54214,56942,0,644800,0
1,0.1.0,model-level realistic-envelope evidence; not a WAN measurement,straggler,digitalocean-like,west-origin,70,true,carousel,8192,1x,hybrid-drop,1,16,8500685192,8454824209,8534333352,8532972687,8491384490,8565150605,49970,49687,50137,25357,4698,0
1,0.1.0,model-level realistic-envelope evidence; not a WAN measurement,straggler,digitalocean-like,west-origin,70,true,carousel,8192,1x,naive-blocking,1,16,8500685192,8454824209,8534333352,8532972784,8491385137,8565150605,49969,49688,50139,0,4698,0
1,0.1.0,model-level realistic-envelope evidence; not a WAN measurement,cadence,digitalocean-like,west-origin,70,true,carousel,8192,0.5x,hybrid-drop,1,16,6134850879,5866909200,6423977619,6189606839,5919515975,6479551278,39978,38572,41378,0,4844,0
1,0.1.0,model-level realistic-envelope evidence; not a WAN measurement,cadence,digitalocean-like,west-origin,70,true,carousel,8192,1x,hybrid-drop,1,16,6134824476,5866910321,6423979097,6190236227,5924354682,6481371633,39987,38605,41389,0,4974,0
1,0.1.0,model-level realistic-envelope evidence; not a WAN measurement,cadence,digitalocean-like,west-origin,70,true,carousel,8192,2x,hybrid-drop,1,16,6134850166,5866909200,6423980160,6196308350,5932005919,6481393400,40014,38683,41389,0,5459,0
1,0.1.0,model-level realistic-envelope evidence; not a WAN measurement,concurrent,digitalocean-like,west-origin,70,true,carousel,8192,1x,hybrid-drop,1,16,6134824476,5866910321,6423979097,6190236227,5924354682,6481371633,39987,38605,41389,0,4974,0
1,0.1.0,model-level realistic-envelope evidence; not a WAN measurement,concurrent,digitalocean-like,west-origin,70,true,carousel,8192,1x,hybrid-drop,2,16,6134799627,5866922894,6424004852,6190366683,5924362279,6481367295,39987,38632,41389,0,5187,0
1,0.1.0,model-level realistic-envelope evidence; not a WAN measurement,scaling,aws-like,east-origin,50,true,carousel,65536,1x,hybrid-drop,1,2,35514684329,35392311694,35637056965,35593187326,35472238249,35714136403,181960,181626,182295,0,4396,0
1,0.1.0,model-level realistic-envelope evidence; not a WAN measurement,scaling,aws-like,east-origin,50,true,rounds,65536,1x,hybrid-drop,1,2,35514485809,35390322037,35638649582,35650831365,35535606853,35766055878,181044,180679,181410,0,2384403,0
1,0.1.0,model-level realistic-envelope evidence; not a WAN measurement,scaling,aws-like,east-origin,50,true,per-stripe-fec,65536,1x,hybrid-drop,1,2,39208027132,39145178018,39270876247,39283701419,39220495207,39346907632,179701,179306,180097,0,2623127,0
1,0.1.0,model-level realistic-envelope evidence; not a WAN measurement,scaling,aws-like,east-origin,50,true,best-single-tree0,65536,1x,hybrid-drop,1,2,69009806723,68820843443,69198770004,69085480993,68896160632,69274801355,277453,277345,277561,0,4618320,0
1,0.1.0,model-level realistic-envelope evidence; not a WAN measurement,scaling,aws-like,east-origin,50,true,best-single-tree1,65536,1x,hybrid-drop,1,2,69789402486,69722492326,69856312646,69865076756,69797809515,69932343997,278270,278266,278274,0,4662156,0
1,0.1.0,model-level realistic-envelope evidence; not a WAN measurement,scaling,digitalocean-like,east-origin,50,true,carousel,65536,1x,hybrid-drop,1,2,38218849576,38053267908,38384431245,38301368444,38135666305,38467070583,185887,185416,186358,0,4462,0
1,0.1.0,model-level realistic-envelope evidence; not a WAN measurement,scaling,digitalocean-like,east-origin,50,true,rounds,65536,1x,hybrid-drop,1,2,38217360856,38056815715,38377905998,38298899017,38134927513,38462870521,185057,184612,185502,0,2564191,0
1,0.1.0,model-level realistic-envelope evidence; not a WAN measurement,scaling,digitalocean-like,east-origin,50,true,per-stripe-fec,65536,1x,hybrid-drop,1,2,41466349585,41351050371,41581648800,41542038568,41426379573,41657697563,183679,183138,184221,0,2777179,0
1,0.1.0,model-level realistic-envelope evidence; not a WAN measurement,scaling,digitalocean-like,east-origin,50,true,best-single-tree0,65536,1x,hybrid-drop,1,2,74254896826,74020989126,74488804527,74330585809,74096318328,74564853290,277141,276724,277559,0,4970990,0
1,0.1.0,model-level realistic-envelope evidence; not a WAN measurement,scaling,digitalocean-like,east-origin,50,true,best-single-tree1,65536,1x,hybrid-drop,1,2,75085617483,74968993229,75202241738,75161306466,75044322431,75278290501,278264,278258,278270,0,5018552,0
1,0.1.0,model-level realistic-envelope evidence; not a WAN measurement,scaling,gcp-like,east-origin,50,true,carousel,65536,1x,hybrid-drop,1,2,33046850594,32911694914,33182006275,33125494699,32989783241,33261206158,179263,178857,179670,0,4197,0
1,0.1.0,model-level realistic-envelope evidence; not a WAN measurement,scaling,gcp-like,east-origin,50,true,rounds,65536,1x,hybrid-drop,1,2,33047231421,32911614833,33182848009,33242238230,33109951532,33374524928,178411,178001,178821,0,2224968,0
1,0.1.0,model-level realistic-envelope evidence; not a WAN measurement,scaling,gcp-like,east-origin,50,true,per-stripe-fec,65536,1x,hybrid-drop,1,2,36864091811,36816551672,36911631951,36938760446,36890858924,36986661968,176879,176422,177337,0,2465777,0
1,0.1.0,model-level realistic-envelope evidence; not a WAN measurement,scaling,gcp-like,east-origin,50,true,best-single-tree0,65536,1x,hybrid-drop,1,2,64220180793,63999295439,64441066147,64294852847,64073610951,64516094743,267716,267236,268196,0,4301072,0
1,0.1.0,model-level realistic-envelope evidence; not a WAN measurement,scaling,gcp-like,east-origin,50,true,best-single-tree1,65536,1x,hybrid-drop,1,2,65085656673,65024467850,65146845496,65160324597,65098775102,65221874092,274013,273753,274273,0,4348124,0
