schema_version,simulator_version,evidence_class,slice,profile,placement,utilization_percent,realized_background_trunk_utilization_ppm,jitter,protocol,source_symbols,seed,cadence,admission,slow_receiver,sessions,barrier_completion_ns,sender_completion_ns,receiver0_completion_ns,receiver1_completion_ns,receiver2_completion_ns,total_emissions,useful_emissions,tree0_emissions,tree1_emissions,application_drops,blocking_waits,positive_round_deficits,ack_probes,stall_budget_consumption_ppm,link_drops,a4_trace_correlation_ppm,tree0_delivered_bytes,tree1_delivered_bytes,maximum_mailbox_high_water
1,0.1.0,model-level realistic-envelope evidence; not a WAN measurement,main,digitalocean-like,west-origin,30,205743,true,carousel,8192,0,1x,hybrid-drop,-1,1,1700254157,1761505910,686536474,1008769274,1700254157,151548,151548,75774,75774,0,0,0,0,8929,0,678400,13582240,13582240,42510
1,0.1.0,model-level realistic-envelope evidence; not a WAN measurement,main,digitalocean-like,west-origin,30,220661,true,carousel,8192,1,1x,hybrid-drop,-1,1,1709349308,1768708729,689821271,1011079503,1709349308,151548,151548,75774,75774,0,0,0,0,8764,0,731925,13582240,13582240,43634
1,0.1.0,model-level realistic-envelope evidence; not a WAN measurement,main,digitalocean-like,west-origin,30,220920,true,carousel,8192,2,1x,hybrid-drop,-1,1,1714217983,1775758818,697859902,1020401949,1714217983,142282,142282,72318,69964,0,0,0,0,8872,896,692535,13582240,13582240,42643
1,0.1.0,model-level realistic-envelope evidence; not a WAN measurement,main,digitalocean-like,west-origin,30,271383,true,carousel,8192,3,1x,hybrid-drop,-1,1,1703359512,1764395297,698201684,1009179464,1703359512,136113,136113,69662,66451,0,0,0,0,8748,1044,612825,13582240,13582240,44482
1,0.1.0,model-level realistic-envelope evidence; not a WAN measurement,main,digitalocean-like,west-origin,30,274242,true,carousel,8192,4,1x,hybrid-drop,-1,1,1711553462,1771262673,687396876,1007282521,1711553462,151548,151548,75774,75774,0,0,0,0,9493,0,755259,13582240,13582240,45908
1,0.1.0,model-level realistic-envelope evidence; not a WAN measurement,main,digitalocean-like,west-origin,30,388380,true,carousel,8192,5,1x,hybrid-drop,-1,1,1710096321,1772361965,698379020,1014852739,1710096321,140239,140239,71857,68382,0,0,0,0,8801,635,495221,13582240,13582240,44389
1,0.1.0,model-level realistic-envelope evidence; not a WAN measurement,main,digitalocean-like,west-origin,30,274396,true,carousel,8192,6,1x,hybrid-drop,-1,1,1698419929,1760263513,682662294,1008328842,1698419929,102374,102374,26600,75774,0,0,0,0,9344,535,520416,13582240,13582240,32864
1,0.1.0,model-level realistic-envelope evidence; not a WAN measurement,main,digitalocean-like,west-origin,30,329668,true,carousel,8192,7,1x,hybrid-drop,-1,1,1712542997,1772994901,699973337,1003926151,1712542997,151548,151548,75774,75774,0,0,0,0,9373,0,372318,13582240,13582240,44325
1,0.1.0,model-level realistic-envelope evidence; not a WAN measurement,main,digitalocean-like,west-origin,30,238126,true,carousel,8192,8,1x,hybrid-drop,-1,1,1725267928,1786960513,691877008,1017414679,1725267928,113292,113292,37518,75774,0,0,0,0,9506,759,252414,13582240,8252976,41446
1,0.1.0,model-level realistic-envelope evidence; not a WAN measurement,main,digitalocean-like,west-origin,30,284589,true,carousel,8192,9,1x,hybrid-drop,-1,1,1678118322,1736667492,697730769,1007193656,1678118322,119353,119353,43579,75774,0,0,0,0,9270,421,592489,13582240,13582240,44057
1,0.1.0,model-level realistic-envelope evidence; not a WAN measurement,main,digitalocean-like,west-origin,30,310865,true,carousel,8192,10,1x,hybrid-drop,-1,1,1696758810,1757504077,699076063,1016984928,1696758810,111779,111779,36005,75774,0,0,0,0,8888,363,655974,13582240,13582240,41660
1,0.1.0,model-level realistic-envelope evidence; not a WAN measurement,main,digitalocean-like,west-origin,30,255058,true,carousel,8192,11,1x,hybrid-drop,-1,1,1709438475,1767315888,689125760,1018551434,1709438475,151548,151548,75774,75774,0,0,0,0,8156,0,666885,13582240,13582240,45565
1,0.1.0,model-level realistic-envelope evidence; not a WAN measurement,main,digitalocean-like,west-origin,30,255108,true,carousel,8192,12,1x,hybrid-drop,-1,1,1712123528,1771278454,698630781,1009882505,1712123528,151548,151548,75774,75774,0,0,0,0,9444,0,647951,13582240,13582240,45202
1,0.1.0,model-level realistic-envelope evidence; not a WAN measurement,main,digitalocean-like,west-origin,30,278234,true,carousel,8192,13,1x,hybrid-drop,-1,1,1689597919,1750747908,697809820,1010200595,1689597919,151548,151548,75774,75774,0,0,0,0,9140,0,405347,13582240,13582240,45169
1,0.1.0,model-level realistic-envelope evidence; not a WAN measurement,main,digitalocean-like,west-origin,30,233087,true,carousel,8192,14,1x,hybrid-drop,-1,1,1714684332,1776834383,695643771,1010934724,1714684332,151548,151548,75774,75774,0,0,0,0,9134,0,733333,13582240,13582240,42137
1,0.1.0,model-level realistic-envelope evidence; not a WAN measurement,main,digitalocean-like,west-origin,30,261929,true,carousel,8192,15,1x,hybrid-drop,-1,1,1716216755,1776841145,698542984,1019058179,1716216755,151548,151548,75774,75774,0,0,0,0,8898,0,570781,13582240,13582240,46647
1,0.1.0,model-level realistic-envelope evidence; not a WAN measurement,main,digitalocean-like,west-origin,30,220287,true,rounds,8192,0,1x,hybrid-drop,-1,1,1700245459,1995340015,686536474,1008651634,1700245459,38137,38137,19069,19068,0,0,9,0,133022,2520,763762,15083040,15083040,34821
1,0.1.0,model-level realistic-envelope evidence; not a WAN measurement,main,digitalocean-like,west-origin,30,230092,true,rounds,8192,1,1x,hybrid-drop,-1,1,1709338276,1967825238,689821271,1011164417,1709338276,56268,56268,34212,22056,0,0,13,0,131188,7603,872537,15083040,15083040,33504
1,0.1.0,model-level realistic-envelope evidence; not a WAN measurement,main,digitalocean-like,west-origin,30,245398,true,rounds,8192,2,1x,hybrid-drop,-1,1,1714206958,2227807032,697859902,1020170157,1714206958,63484,63484,37298,26186,0,0,14,0,148520,12974,721687,17334240,17334240,34651
1,0.1.0,model-level realistic-envelope evidence; not a WAN measurement,main,digitalocean-like,west-origin,30,298671,true,rounds,8192,3,1x,hybrid-drop,-1,1,1703348632,2227212956,698201684,1009171664,1703348632,63376,63376,37272,26104,0,0,14,0,148480,12268,667013,17334240,17334240,35916
1,0.1.0,model-level realistic-envelope evidence; not a WAN measurement,main,digitalocean-like,west-origin,30,278591,true,rounds,8192,4,1x,hybrid-drop,-1,1,1711542542,1985575184,687396796,1007913439,1711542542,56332,56332,33904,22428,0,0,13,0,132371,8106,639602,15083040,15083040,30988
1,0.1.0,model-level realistic-envelope evidence; not a WAN measurement,main,digitalocean-like,west-origin,30,363859,true,rounds,8192,5,1x,hybrid-drop,-1,1,1710091342,2236687914,698379020,1013501751,1710091342,63376,63376,37136,26240,0,0,14,0,149112,12825,755928,17334240,17334240,35583
1,0.1.0,model-level realistic-envelope evidence; not a WAN measurement,main,digitalocean-like,west-origin,30,293578,true,rounds,8192,6,1x,hybrid-drop,-1,1,1698412825,2226736287,682662294,1007947318,1698412825,63376,63376,37136,26240,0,0,14,0,148449,12812,745799,17334240,17334240,33847
1,0.1.0,model-level realistic-envelope evidence; not a WAN measurement,main,digitalocean-like,west-origin,30,333148,true,rounds,8192,7,1x,hybrid-drop,-1,1,1712532872,1975861534,699973337,1003851075,1712532872,56204,56204,34044,22160,0,0,13,0,131724,7232,820346,15083040,15083040,35589
1,0.1.0,model-level realistic-envelope evidence; not a WAN measurement,main,digitalocean-like,west-origin,30,254240,true,rounds,8192,8,1x,hybrid-drop,-1,1,1725261233,2227991237,691877008,1017822954,1725261233,63504,63504,37328,26176,0,0,14,0,148532,13006,717856,17334240,17334240,34711
1,0.1.0,model-level realistic-envelope evidence; not a WAN measurement,main,digitalocean-like,west-origin,30,269122,true,rounds,8192,9,1x,hybrid-drop,-1,1,1678109165,1979048835,697730769,1006204793,1678109165,56204,56204,34044,22160,0,0,13,0,131936,7313,935885,9828816,9828816,35358
1,0.1.0,model-level realistic-envelope evidence; not a WAN measurement,main,digitalocean-like,west-origin,30,373594,true,rounds,8192,10,1x,hybrid-drop,-1,1,1696750580,2038375115,699076063,1015843338,1696750580,56076,56076,33298,22778,0,0,13,0,135891,7502,760638,15833440,15833440,33188
1,0.1.0,model-level realistic-envelope evidence; not a WAN measurement,main,digitalocean-like,west-origin,30,267777,true,rounds,8192,11,1x,hybrid-drop,-1,1,1709431371,2235535889,689125760,1018282717,1709431371,63376,63376,37136,26240,0,0,14,0,149035,12816,834522,17334240,17334240,34721
1,0.1.0,model-level realistic-envelope evidence; not a WAN measurement,main,digitalocean-like,west-origin,30,268841,true,rounds,8192,12,1x,hybrid-drop,-1,1,1712113076,2230131358,698630781,1009145140,1712113076,63504,63504,37328,26176,0,0,14,0,148675,13006,385358,11702752,11702712,34559
1,0.1.0,model-level realistic-envelope evidence; not a WAN measurement,main,digitalocean-like,west-origin,30,304635,true,rounds,8192,13,1x,hybrid-drop,-1,1,1689589275,1909877386,697809820,1010006290,1689589275,32640,32640,16320,16320,0,0,8,0,127325,3083,721687,15083040,15083040,29838
1,0.1.0,model-level realistic-envelope evidence; not a WAN measurement,main,digitalocean-like,west-origin,30,200318,true,rounds,8192,14,1x,hybrid-drop,-1,1,1714675676,2234898415,695643771,1010749570,1714675676,63504,63504,37328,26176,0,0,14,0,148993,12869,897731,17334240,17334240,34114
1,0.1.0,model-level realistic-envelope evidence; not a WAN measurement,main,digitalocean-like,west-origin,30,276103,true,rounds,8192,15,1x,hybrid-drop,-1,1,1716205274,2229948523,698542984,1018509604,1716205274,63376,63376,37136,26240,0,0,14,0,148663,12820,180016,17334240,11702672,34804
1,0.1.0,model-level realistic-envelope evidence; not a WAN measurement,main,digitalocean-like,west-origin,30,204603,true,per-stripe-fec,8192,0,1x,hybrid-drop,-1,1,1731757632,1785026970,686632474,1008866634,1731757632,150524,150524,75774,74750,0,0,0,0,119001,0,678400,13582240,13582240,42512
1,0.1.0,model-level realistic-envelope evidence; not a WAN measurement,main,digitalocean-like,west-origin,30,219682,true,per-stripe-fec,8192,1,1x,hybrid-drop,-1,1,1737483748,1788792613,689917271,1011171503,1737483748,150524,150524,75774,74750,0,0,0,0,119252,0,731925,13582240,13582240,43626
1,0.1.0,model-level realistic-envelope evidence; not a WAN measurement,main,digitalocean-like,west-origin,30,220040,true,per-stripe-fec,8192,2,1x,hybrid-drop,-1,1,1741561983,1795118530,697955902,1020497949,1741561983,142283,142283,72319,69964,0,0,0,0,119674,895,692535,13582240,13582240,42641
1,0.1.0,model-level realistic-envelope evidence; not a WAN measurement,main,digitalocean-like,west-origin,30,272867,true,per-stripe-fec,8192,3,1x,hybrid-drop,-1,1,1731246104,1784051837,698297684,1009275464,1731246104,136111,136111,69662,66449,0,0,0,0,118936,1047,612825,13582240,13582240,44474
1,0.1.0,model-level realistic-envelope evidence; not a WAN measurement,main,digitalocean-like,west-origin,30,275790,true,per-stripe-fec,8192,4,1x,hybrid-drop,-1,1,1738656606,1790319135,687492796,1007378521,1738656606,150524,150524,75774,74750,0,0,0,0,119354,0,755259,13582240,13582240,45911
1,0.1.0,model-level realistic-envelope evidence; not a WAN measurement,main,digitalocean-like,west-origin,30,387107,true,per-stripe-fec,8192,5,1x,hybrid-drop,-1,1,1730255975,1785300843,698475020,1014948503,1730255975,140241,140241,71859,68382,0,0,0,0,119020,635,495221,13582240,13582240,44401
1,0.1.0,model-level realistic-envelope evidence; not a WAN measurement,main,digitalocean-like,west-origin,30,272245,true,per-stripe-fec,8192,6,1x,hybrid-drop,-1,1,1728409114,1782319984,682758294,1008434830,1728409114,101350,101350,26600,74750,0,0,0,0,118821,537,520416,13582240,13582240,32864
1,0.1.0,model-level realistic-envelope evidence; not a WAN measurement,main,digitalocean-like,west-origin,30,328069,true,per-stripe-fec,8192,7,1x,hybrid-drop,-1,1,1741462344,1795341489,700069337,1004019623,1741462344,149602,149602,75774,73828,0,0,0,0,119689,0,372318,13582240,13582240,44320
1,0.1.0,model-level realistic-envelope evidence; not a WAN measurement,main,digitalocean-like,west-origin,30,235964,true,per-stripe-fec,8192,8,1x,hybrid-drop,-1,1,1750643928,1804131691,691973008,1017510679,1750643928,112268,112268,37518,74750,0,0,0,0,120275,759,245014,14332640,8252976,41435
1,0.1.0,model-level realistic-envelope evidence; not a WAN measurement,main,digitalocean-like,west-origin,30,282588,true,per-stripe-fec,8192,9,1x,hybrid-drop,-1,1,1705958322,1756475083,697826769,1007383256,1705958322,118329,118329,43579,74750,0,0,0,0,117098,420,592489,13582240,13582240,44047
1,0.1.0,model-level realistic-envelope evidence; not a WAN measurement,main,digitalocean-like,west-origin,30,310388,true,per-stripe-fec,8192,10,1x,hybrid-drop,-1,1,1722325071,1775028354,699172063,1017077248,1722325071,110757,110757,36007,74750,0,0,0,0,118335,364,655974,13582240,13582240,41664
1,0.1.0,model-level realistic-envelope evidence; not a WAN measurement,main,digitalocean-like,west-origin,30,254275,true,per-stripe-fec,8192,11,1x,hybrid-drop,-1,1,1732430475,1782246299,689221760,1018647245,1732430475,150524,150524,75774,74750,0,0,0,0,118816,0,666885,13582240,13582240,45564
1,0.1.0,model-level realistic-envelope evidence; not a WAN measurement,main,digitalocean-like,west-origin,30,259580,true,per-stripe-fec,8192,12,1x,hybrid-drop,-1,1,1740411528,1791647021,698726781,1009978505,1740411528,150524,150524,75774,74750,0,0,0,0,119443,0,647951,13582240,13582240,45201
1,0.1.0,model-level realistic-envelope evidence; not a WAN measurement,main,digitalocean-like,west-origin,30,279024,true,per-stripe-fec,8192,13,1x,hybrid-drop,-1,1,1717100277,1770174939,697905820,1010294547,1717100277,149500,149500,75774,73726,0,0,0,0,118011,0,405347,13582240,13582240,45167
1,0.1.0,model-level realistic-envelope evidence; not a WAN measurement,main,digitalocean-like,west-origin,30,235804,true,per-stripe-fec,8192,14,1x,hybrid-drop,-1,1,1742620332,1796754609,695739771,1011030724,1742620332,150524,150524,75774,74750,0,0,0,0,119783,0,733333,13582240,13582240,42129
1,0.1.0,model-level realistic-envelope evidence; not a WAN measurement,main,digitalocean-like,west-origin,30,263469,true,per-stripe-fec,8192,15,1x,hybrid-drop,-1,1,1744646983,1797287984,698638984,1019150155,1744646983,150524,150524,75774,74750,0,0,0,0,119819,0,570781,13582240,13582240,46644
1,0.1.0,model-level realistic-envelope evidence; not a WAN measurement,main,digitalocean-like,west-origin,30,207921,true,best-single-tree0,8192,0,1x,hybrid-drop,-1,1,1897261886,1948478324,753559779,1093883868,1897261886,155644,77822,77822,77822,0,0,0,0,129898,0,678400,15083040,15083040,47389
1,0.1.0,model-level realistic-envelope evidence; not a WAN measurement,main,digitalocean-like,west-origin,30,224838,true,best-single-tree0,8192,1,1x,hybrid-drop,-1,1,1897884820,1951543524,760904526,1096392201,1897884820,155644,77822,77822,77822,0,0,0,0,130102,0,731925,15083040,15083040,47391
1,0.1.0,model-level realistic-envelope evidence; not a WAN measurement,main,digitalocean-like,west-origin,30,221070,true,best-single-tree0,8192,2,1x,hybrid-drop,-1,1,1899796938,1953999989,763379902,1105195476,1899796938,142283,72319,72319,69964,0,0,0,0,130266,895,692535,15083040,15083040,47816
1,0.1.0,model-level realistic-envelope evidence; not a WAN measurement,main,digitalocean-like,west-origin,30,274614,true,best-single-tree0,8192,3,1x,hybrid-drop,-1,1,1891014839,1943048055,763721684,1095905532,1891014839,136113,69665,69665,66448,0,0,0,0,129536,1054,612825,15083040,15083040,47399
1,0.1.0,model-level realistic-envelope evidence; not a WAN measurement,main,digitalocean-like,west-origin,30,281272,true,best-single-tree0,8192,4,1x,hybrid-drop,-1,1,1896833858,1947292306,752916796,1093604540,1896833858,155644,77822,77822,77822,0,0,0,0,129819,0,755259,15083040,15083040,47437
1,0.1.0,model-level realistic-envelope evidence; not a WAN measurement,main,digitalocean-like,west-origin,30,391698,true,best-single-tree0,8192,5,1x,hybrid-drop,-1,1,1881338524,1934268275,773003113,1097687358,1881338524,140239,71857,71857,68382,0,0,0,0,128951,640,495221,15083040,15083040,47370
1,0.1.0,model-level realistic-envelope evidence; not a WAN measurement,main,digitalocean-like,west-origin,30,262830,true,best-single-tree0,8192,6,1x,hybrid-drop,-1,1,1886072372,1939506799,763601973,1096414871,1886072372,56138,28069,28069,28069,0,0,0,0,129300,2565,639009,15083040,15083040,44668
1,0.1.0,model-level realistic-envelope evidence; not a WAN measurement,main,digitalocean-like,west-origin,30,324581,true,best-single-tree0,8192,7,1x,hybrid-drop,-1,1,1904673707,1955677803,772191721,1088336568,1904673707,155644,77822,77822,77822,0,0,0,0,130378,0,372318,15083040,15083040,47142
1,0.1.0,model-level realistic-envelope evidence; not a WAN measurement,main,digitalocean-like,west-origin,30,234786,true,best-single-tree0,8192,8,1x,hybrid-drop,-1,1,1904822185,1954765797,760416706,1103080093,1904822185,75038,37519,37519,37519,0,0,0,0,130317,759,239495,15083040,8478096,37549
1,0.1.0,model-level realistic-envelope evidence; not a WAN measurement,main,digitalocean-like,west-origin,30,270713,true,best-single-tree0,8192,9,1x,hybrid-drop,-1,1,1869590233,1920920904,770695864,1091351429,1869590233,87160,43580,43580,43580,0,0,0,0,128061,420,638132,15083040,15083040,44048
1,0.1.0,model-level realistic-envelope evidence; not a WAN measurement,main,digitalocean-like,west-origin,30,311706,true,best-single-tree0,8192,10,1x,hybrid-drop,-1,1,1881135081,1934529439,774113073,1101112625,1881135081,72014,36007,36007,36007,0,0,0,0,128968,364,549031,15083040,15083040,39467
1,0.1.0,model-level realistic-envelope evidence; not a WAN measurement,main,digitalocean-like,west-origin,30,245550,true,best-single-tree0,8192,11,1x,hybrid-drop,-1,1,1885765562,1936711024,764691867,1105115699,1885765562,155644,77822,77822,77822,0,0,0,0,129114,0,666885,15083040,15083040,48013
1,0.1.0,model-level realistic-envelope evidence; not a WAN measurement,main,digitalocean-like,west-origin,30,261551,true,best-single-tree0,8192,12,1x,hybrid-drop,-1,1,1897940764,1951489280,764150781,1097003152,1897940764,155644,77822,77822,77822,0,0,0,0,130099,0,647951,15083040,15083040,47852
1,0.1.0,model-level realistic-envelope evidence; not a WAN measurement,main,digitalocean-like,west-origin,30,288600,true,best-single-tree0,8192,13,1x,hybrid-drop,-1,1,1878442097,1932258112,766237913,1095988703,1878442097,155644,77822,77822,77822,0,0,0,0,128817,0,410528,15008000,15008000,47791
1,0.1.0,model-level realistic-envelope evidence; not a WAN measurement,main,digitalocean-like,west-origin,30,252713,true,best-single-tree0,8192,14,1x,hybrid-drop,-1,1,1898990604,1948894638,762115942,1093269069,1898990604,155644,77822,77822,77822,0,0,0,0,129926,0,733333,15083040,15083040,47548
1,0.1.0,model-level realistic-envelope evidence; not a WAN measurement,main,digitalocean-like,west-origin,30,279568,true,best-single-tree0,8192,15,1x,hybrid-drop,-1,1,1906983697,1959000972,768312203,1104784759,1906983697,155644,77822,77822,77822,0,0,0,0,130600,0,570781,15083040,15083040,47716
1,0.1.0,model-level realistic-envelope evidence; not a WAN measurement,main,digitalocean-like,west-origin,30,209489,true,best-single-tree1,8192,0,1x,hybrid-drop,-1,1,1847182764,1899384238,789031779,1137975866,1847182764,155644,77822,77822,77822,0,0,0,0,126625,0,769309,14332640,14332640,43542
1,0.1.0,model-level realistic-envelope evidence; not a WAN measurement,main,digitalocean-like,west-origin,30,225501,true,best-single-tree1,8192,1,1x,hybrid-drop,-1,1,1852412744,1904788333,794896526,1133620736,1852412744,155644,77822,77822,77822,0,0,0,0,126985,0,701862,15083040,15083040,47392
1,0.1.0,model-level realistic-envelope evidence; not a WAN measurement,main,digitalocean-like,west-origin,30,243030,true,best-single-tree1,8192,2,1x,hybrid-drop,-1,1,1856019385,1909188057,798795902,1131542548,1856019385,144240,72121,72119,72121,0,0,0,0,127279,942,708333,15083040,15083040,47767
1,0.1.0,model-level realistic-envelope evidence; not a WAN measurement,main,digitalocean-like,west-origin,30,273039,true,best-single-tree1,8192,3,1x,hybrid-drop,-1,1,1846917066,1898927948,799057684,1129037377,1846917066,138240,69120,69120,69120,0,0,0,0,126595,1075,760608,14332640,14332640,43958
1,0.1.0,model-level realistic-envelope evidence; not a WAN measurement,main,digitalocean-like,west-origin,30,280256,true,best-single-tree1,8192,4,1x,hybrid-drop,-1,1,1854178302,1907997761,788564796,1125460919,1854178302,155644,77822,77822,77822,0,0,0,0,127199,0,746390,15083040,15083040,47496
1,0.1.0,model-level realistic-envelope evidence; not a WAN measurement,main,digitalocean-like,west-origin,30,393531,true,best-single-tree1,8192,5,1x,hybrid-drop,-1,1,1848714503,1900925663,808395113,1123920704,1848714503,143320,71660,71660,71660,0,0,0,0,126728,582,699234,15083040,15083040,47261
1,0.1.0,model-level realistic-envelope evidence; not a WAN measurement,main,digitalocean-like,west-origin,30,282846,true,best-single-tree1,8192,6,1x,hybrid-drop,-1,1,1839883684,1893489455,798841973,1136853563,1839883684,155644,77822,77822,77822,0,0,0,0,126232,0,502079,14332640,14332640,44575
1,0.1.0,model-level realistic-envelope evidence; not a WAN measurement,main,digitalocean-like,west-origin,30,324307,true,best-single-tree1,8192,7,1x,hybrid-drop,-1,1,1858858538,1910367918,813336022,1119222323,1858858538,155644,77822,77822,77822,0,0,0,0,127357,0,630126,15083040,15083040,47309
1,0.1.0,model-level realistic-envelope evidence; not a WAN measurement,main,digitalocean-like,west-origin,30,300969,true,best-single-tree1,8192,8,1x,hybrid-drop,-1,1,1864709188,1918972920,795560706,1131951563,1864709188,71238,35619,35619,35619,0,0,0,0,127931,692,653438,15083040,15083040,35552
1,0.1.0,model-level realistic-envelope evidence; not a WAN measurement,main,digitalocean-like,west-origin,30,290615,true,best-single-tree1,8192,9,1x,hybrid-drop,-1,1,1818565280,1869894156,808107865,1121739298,1818565280,82516,41258,41258,41258,0,0,0,0,124659,534,165494,14332640,9078416,45449
1,0.1.0,model-level realistic-envelope evidence; not a WAN measurement,main,digitalocean-like,west-origin,30,310146,true,best-single-tree1,8192,10,1x,hybrid-drop,-1,1,1841082312,1894289672,812489138,1127080093,1841082312,69726,34863,34863,34863,0,0,0,0,126285,808,725907,14332640,14332640,35904
1,0.1.0,model-level realistic-envelope evidence; not a WAN measurement,main,digitalocean-like,west-origin,30,248190,true,best-single-tree1,8192,11,1x,hybrid-drop,-1,1,1849046743,1900127740,800291867,1139814366,1849046743,155644,77822,77822,77822,0,0,0,0,126675,0,736074,15083040,15083040,48005
1,0.1.0,model-level realistic-envelope evidence; not a WAN measurement,main,digitalocean-like,west-origin,30,263933,true,best-single-tree1,8192,12,1x,hybrid-drop,-1,1,1853820011,1907375171,799334781,1128800882,1853820011,155644,77822,77822,77822,0,0,0,0,127158,0,707474,15083040,15083040,47881
1,0.1.0,model-level realistic-envelope evidence; not a WAN measurement,main,digitalocean-like,west-origin,30,288486,true,best-single-tree1,8192,13,1x,hybrid-drop,-1,1,1834992371,1888971776,802781913,1127175014,1834992371,155644,77822,77822,77822,0,0,0,0,125931,0,530722,14332640,14332640,46049
1,0.1.0,model-level realistic-envelope evidence; not a WAN measurement,main,digitalocean-like,west-origin,30,250026,true,best-single-tree1,8192,14,1x,hybrid-drop,-1,1,1854886604,1905364882,796435942,1123543346,1854886604,155644,77822,77822,77822,0,0,0,0,127024,0,705274,15083040,15083040,47616
1,0.1.0,model-level realistic-envelope evidence; not a WAN measurement,main,digitalocean-like,west-origin,30,277083,true,best-single-tree1,8192,15,1x,hybrid-drop,-1,1,1861866221,1915324304,808102447,1130371323,1861866221,155644,77822,77822,77822,0,0,0,0,127688,0,511766,15083040,15083040,47714
1,0.1.0,model-level realistic-envelope evidence; not a WAN measurement,main,digitalocean-like,west-origin,70,325409,true,carousel,8192,0,1x,hybrid-drop,-1,1,1700516988,1761705022,690091661,1009232283,1700516988,104952,104952,29178,75774,0,0,0,0,8903,578,-263415,24120928,24645296,36265
1,0.1.0,model-level realistic-envelope evidence; not a WAN measurement,main,digitalocean-like,west-origin,70,300730,true,carousel,8192,1,1x,hybrid-drop,-1,1,1709345380,1768708729,731851313,1022942873,1709345380,103796,103796,28022,75774,0,0,0,0,8996,77,-88352,25169664,13633568,35619
1,0.1.0,model-level realistic-envelope evidence; not a WAN measurement,main,digitalocean-like,west-origin,70,304987,true,carousel,8192,2,1x,hybrid-drop,-1,1,1714216430,1775757585,723691943,1022656454,1714216430,132918,132918,67384,65534,0,0,0,0,8837,982,-216165,22023696,21499088,43861
1,0.1.0,model-level realistic-envelope evidence; not a WAN measurement,main,digitalocean-like,west-origin,70,376955,true,carousel,8192,3,1x,hybrid-drop,-1,1,1704592497,1765404204,748623226,1013052466,1704592497,65886,65886,33725,32161,0,0,0,0,9692,1769,-247761,24120928,24120928,36507
1,0.1.0,model-level realistic-envelope evidence; not a WAN measurement,main,digitalocean-like,west-origin,70,370028,true,carousel,8192,4,1x,hybrid-drop,-1,1,1712969425,1773471708,732991730,1010511354,1712969425,61181,61181,28735,32446,0,0,0,0,9613,437,-312655,24383112,24383112,33426
1,0.1.0,model-level realistic-envelope evidence; not a WAN measurement,main,digitalocean-like,west-origin,70,503442,true,carousel,8192,5,1x,hybrid-drop,-1,1,1710379916,1772661965,744165507,1018794982,1710379916,99388,99388,75774,23614,0,0,0,0,8983,786,-134118,23421128,22461040,39387
1,0.1.0,model-level realistic-envelope evidence; not a WAN measurement,main,digitalocean-like,west-origin,70,381450,true,carousel,8192,6,1x,hybrid-drop,-1,1,1698420244,1760263828,720301906,1009174133,1698420244,102338,102338,26564,75774,0,0,0,0,9519,704,-210931,13371544,24383192,36379
1,0.1.0,model-level realistic-envelope evidence; not a WAN measurement,main,digitalocean-like,west-origin,70,440498,true,carousel,8192,7,1x,hybrid-drop,-1,1,1712762512,1773196588,746640997,1009811662,1712762512,98637,98637,75774,22863,0,0,0,0,9370,827,-319641,22547824,23072192,37907
1,0.1.0,model-level realistic-envelope evidence; not a WAN measurement,main,digitalocean-like,west-origin,70,391024,true,carousel,8192,8,1x,hybrid-drop,-1,1,1725940972,1787661157,730502398,1024957766,1725940972,56324,56324,30792,25532,0,0,0,0,8949,1183,-302308,25169664,23596560,27246
1,0.1.0,model-level realistic-envelope evidence; not a WAN measurement,main,digitalocean-like,west-origin,70,421950,true,carousel,8192,9,1x,hybrid-drop,-1,1,1678115032,1737336086,739259588,1006316852,1678115032,64951,64951,32813,32138,0,0,0,0,9175,1294,-256068,24120928,24120928,36305
1,0.1.0,model-level realistic-envelope evidence; not a WAN measurement,main,digitalocean-like,west-origin,70,428679,true,carousel,8192,10,1x,hybrid-drop,-1,1,1692733011,1754134185,765423725,1019404259,1692733011,56831,56831,27324,29507,0,0,0,0,9094,1189,-258140,24645296,23858744,33499
1,0.1.0,model-level realistic-envelope evidence; not a WAN measurement,main,digitalocean-like,west-origin,70,342568,true,carousel,8192,11,1x,hybrid-drop,-1,1,1712333924,1770215888,712637697,1027125209,1712333924,119193,119193,43419,75774,0,0,0,0,9558,164,-140814,24121368,23072192,44588
1,0.1.0,model-level realistic-envelope evidence; not a WAN measurement,main,digitalocean-like,west-origin,70,389544,true,carousel,8192,12,1x,hybrid-drop,-1,1,1712344712,1771577457,707783056,1018664239,1712344712,55918,55918,30506,25412,0,0,0,0,8895,300,-143267,24645296,24120928,28544
1,0.1.0,model-level realistic-envelope evidence; not a WAN measurement,main,digitalocean-like,west-origin,70,393170,true,carousel,8192,13,1x,hybrid-drop,-1,1,1689900289,1751045793,737349420,1010346272,1689900289,107073,107073,31299,75774,0,0,0,0,9152,173,-341943,24120928,23334376,40477
1,0.1.0,model-level realistic-envelope evidence; not a WAN measurement,main,digitalocean-like,west-origin,70,316890,true,carousel,8192,14,1x,hybrid-drop,-1,1,1715990260,1778134383,708971354,1012647886,1715990260,128768,128768,54553,74215,0,0,0,0,9108,1494,-317563,23596560,23160928,47442
1,0.1.0,model-level realistic-envelope evidence; not a WAN measurement,main,digitalocean-like,west-origin,70,396192,true,carousel,8192,15,1x,hybrid-drop,-1,1,1716819509,1777441145,722813135,1018550722,1716819509,104860,104860,29086,75774,0,0,0,0,9279,281,-265456,24121168,24120928,38064
1,0.1.0,model-level realistic-envelope evidence; not a WAN measurement,main,digitalocean-like,west-origin,70,344947,true,rounds,8192,0,1x,hybrid-drop,-1,1,1700509500,2118341628,690091661,1009348821,1700509500,56076,56076,32694,23382,0,0,13,0,141222,13851,-228680,31462080,31462080,29861
1,0.1.0,model-level realistic-envelope evidence; not a WAN measurement,main,digitalocean-like,west-origin,70,324749,true,rounds,8192,1,1x,hybrid-drop,-1,1,1709338276,2308668521,731851313,1019120593,1709338276,62746,62746,36506,26240,0,0,13,0,153911,12710,-104724,35132656,20450392,37906
1,0.1.0,model-level realistic-envelope evidence; not a WAN measurement,main,digitalocean-like,west-origin,70,385529,true,rounds,8192,2,1x,hybrid-drop,-1,1,1714206958,2247735871,723691337,1022662224,1714206958,63120,63120,36880,26240,0,0,14,0,149849,12557,-211353,32773240,32510816,32514
1,0.1.0,model-level realistic-envelope evidence; not a WAN measurement,main,digitalocean-like,west-origin,70,336446,true,rounds,8192,3,1x,hybrid-drop,-1,1,1704581361,2281364784,748622890,1015209309,1704581361,62526,62526,38017,24509,0,0,13,0,152090,10945,-145033,19060903,18274733,34927
1,0.1.0,model-level realistic-envelope evidence; not a WAN measurement,main,digitalocean-like,west-origin,70,350612,true,rounds,8192,4,1x,hybrid-drop,-1,1,1712962321,2025467583,732991730,1009745623,1712962321,55948,55948,33904,22044,0,0,12,0,135031,7236,-120070,15468856,15993224,34695
1,0.1.0,model-level realistic-envelope evidence; not a WAN measurement,main,digitalocean-like,west-origin,70,549439,true,rounds,8192,5,1x,hybrid-drop,-1,1,1710380732,1950826724,744165507,1018267445,1710380732,32640,32640,16320,16320,0,0,8,0,130055,4523,-273613,28140440,27442536,26014
1,0.1.0,model-level realistic-envelope evidence; not a WAN measurement,main,digitalocean-like,west-origin,70,424660,true,rounds,8192,6,1x,hybrid-drop,-1,1,1698412825,2136520545,720300802,1009176759,1698412825,55948,55948,33083,22865,0,0,12,0,142434,14674,-124130,31986608,31462160,30776
1,0.1.0,model-level realistic-envelope evidence; not a WAN measurement,main,digitalocean-like,west-origin,70,467543,true,rounds,8192,7,1x,hybrid-drop,-1,1,1712761560,2081136642,746640997,1005520538,1712761560,40580,40580,20290,20290,0,0,10,0,138742,7790,-317278,29626792,28840240,28456
1,0.1.0,model-level realistic-envelope evidence; not a WAN measurement,main,digitalocean-like,west-origin,70,441644,true,rounds,8192,8,1x,hybrid-drop,-1,1,1725937052,2256009853,730502398,1026485918,1725937052,63298,63298,37058,26240,0,0,14,0,150400,12788,-302689,33297368,31462080,30815
1,0.1.0,model-level realistic-envelope evidence; not a WAN measurement,main,digitalocean-like,west-origin,70,332891,true,rounds,8192,9,1x,hybrid-drop,-1,1,1678112631,2258943674,739257188,1006171139,1678112631,62096,62096,37585,24511,0,0,13,0,150596,12998,-145197,19060903,18274311,38606
1,0.1.0,model-level realistic-envelope evidence; not a WAN measurement,main,digitalocean-like,west-origin,70,392541,true,rounds,8192,10,1x,hybrid-drop,-1,1,1692728237,2300301395,765426717,1020411188,1692728237,61584,61584,35887,25697,0,0,13,0,153353,12430,-110557,34083920,18483992,32930
1,0.1.0,model-level realistic-envelope evidence; not a WAN measurement,main,digitalocean-like,west-origin,70,409448,true,rounds,8192,11,1x,hybrid-drop,-1,1,1712322420,2282721747,712636097,1026991115,1712322420,63120,63120,36880,26240,0,0,14,0,152181,12876,-326391,32511256,32510816,34917
1,0.1.0,model-level realistic-envelope evidence; not a WAN measurement,main,digitalocean-like,west-origin,70,333895,true,rounds,8192,12,1x,hybrid-drop,-1,1,1712339976,2278558090,707783056,1020033623,1712339976,56204,56204,34062,22142,0,0,13,0,151903,13883,-151028,33035184,18064521,34313
1,0.1.0,model-level realistic-envelope evidence; not a WAN measurement,main,digitalocean-like,west-origin,70,379270,true,rounds,8192,13,1x,hybrid-drop,-1,1,1689589173,2273674713,737348620,1011620845,1689589173,62096,62096,38055,24041,0,0,13,0,151578,14899,-253088,32510816,18352880,38075
1,0.1.0,model-level realistic-envelope evidence; not a WAN measurement,main,digitalocean-like,west-origin,70,329108,true,rounds,8192,14,1x,hybrid-drop,-1,1,1715979415,2081350061,708971354,1011719987,1715979415,56204,56204,33230,22974,0,0,13,0,138756,7232,-258556,30937712,16692480,32137
1,0.1.0,model-level realistic-envelope evidence; not a WAN measurement,main,digitalocean-like,west-origin,70,397179,true,rounds,8192,15,1x,hybrid-drop,-1,1,1716809601,2259144657,722813135,1018625670,1716809601,63120,63120,37830,25290,0,0,14,0,150609,13043,-344974,32773240,32773000,33517
1,0.1.0,model-level realistic-envelope evidence; not a WAN measurement,main,digitalocean-like,west-origin,70,325568,true,per-stripe-fec,8192,0,1x,hybrid-drop,-1,1,1731901682,1785107851,690187661,1009333918,1731901682,103928,103928,29178,74750,0,0,0,0,119007,578,-263415,24120928,24645296,36261
1,0.1.0,model-level realistic-envelope evidence; not a WAN measurement,main,digitalocean-like,west-origin,70,309138,true,per-stripe-fec,8192,1,1x,hybrid-drop,-1,1,1739186496,1790497041,731947313,1023038073,1739186496,102772,102772,28022,74750,0,0,0,0,119366,77,-88352,25169664,13633568,35618
1,0.1.0,model-level realistic-envelope evidence; not a WAN measurement,main,digitalocean-like,west-origin,70,301704,true,per-stripe-fec,8192,2,1x,hybrid-drop,-1,1,1741560430,1795116977,724806999,1022751566,1741560430,132919,132919,67385,65534,0,0,0,0,119674,985,-216165,22023696,21499088,43874
1,0.1.0,model-level realistic-envelope evidence; not a WAN measurement,main,digitalocean-like,west-origin,70,378966,true,per-stripe-fec,8192,3,1x,hybrid-drop,-1,1,1732483866,1785291658,748718890,1013147697,1732483866,65886,65886,33725,32161,0,0,0,0,119019,1768,-247761,24120928,24120928,36500
1,0.1.0,model-level realistic-envelope evidence; not a WAN measurement,main,digitalocean-like,west-origin,70,371799,true,per-stripe-fec,8192,4,1x,hybrid-drop,-1,1,1740073425,1791735954,734975730,1010606554,1740073425,61181,61181,28735,32446,0,0,0,0,119449,437,-312655,24383112,24383112,33426
1,0.1.0,model-level realistic-envelope evidence; not a WAN measurement,main,digitalocean-like,west-origin,70,502979,true,per-stripe-fec,8192,5,1x,hybrid-drop,-1,1,1743243916,1797505737,744261507,1018889973,1743243916,99390,99390,75774,23616,0,0,0,0,119833,785,-134118,23421128,22461040,39393
1,0.1.0,model-level realistic-envelope evidence; not a WAN measurement,main,digitalocean-like,west-origin,70,385451,true,per-stripe-fec,8192,6,1x,hybrid-drop,-1,1,1728411858,1783061976,720396802,1009274469,1728411858,101316,101316,26566,74750,0,0,0,0,118870,702,-210931,13371544,24383192,36372
1,0.1.0,model-level realistic-envelope evidence; not a WAN measurement,main,digitalocean-like,west-origin,70,441725,true,per-stripe-fec,8192,7,1x,hybrid-drop,-1,1,1745625648,1798020405,746736997,1009908062,1745625648,98638,98638,75774,22864,0,0,0,0,119868,826,-319641,22547824,23072192,37917
1,0.1.0,model-level realistic-envelope evidence; not a WAN measurement,main,digitalocean-like,west-origin,70,388194,true,per-stripe-fec,8192,8,1x,hybrid-drop,-1,1,1758804972,1813149047,730598398,1025055126,1758804972,56326,56326,30793,25533,0,0,0,0,120876,1184,-309847,26218400,25431848,27254
1,0.1.0,model-level realistic-envelope evidence; not a WAN measurement,main,digitalocean-like,west-origin,70,419679,true,per-stripe-fec,8192,9,1x,hybrid-drop,-1,1,1705956088,1756677387,739353188,1006412543,1705956088,64952,64952,32813,32139,0,0,0,0,117111,1294,-256068,24120928,24120928,36297
1,0.1.0,model-level realistic-envelope evidence; not a WAN measurement,main,digitalocean-like,west-origin,70,432108,true,per-stripe-fec,8192,10,1x,hybrid-drop,-1,1,1721783424,1776749889,778226717,1019501101,1721783424,56851,56851,27350,29501,0,0,0,0,118449,1188,-261672,24645296,23858744,33467
1,0.1.0,model-level realistic-envelope evidence; not a WAN measurement,main,digitalocean-like,west-origin,70,339930,true,per-stripe-fec,8192,11,1x,hybrid-drop,-1,1,1741060183,1790875927,712732097,1027222193,1741060183,118169,118169,43419,74750,0,0,0,0,119391,164,-140814,24121368,23072192,44594
1,0.1.0,model-level realistic-envelope evidence; not a WAN measurement,main,digitalocean-like,west-origin,70,391225,true,per-stripe-fec,8192,12,1x,hybrid-drop,-1,1,1745208712,1796386025,708871056,1018760239,1745208712,55918,55918,30506,25412,0,0,0,0,119759,300,-143267,24645296,24120928,28542
1,0.1.0,model-level realistic-envelope evidence; not a WAN measurement,main,digitalocean-like,west-origin,70,397937,true,per-stripe-fec,8192,13,1x,hybrid-drop,-1,1,1720191953,1773948921,746292620,1010438937,1720191953,106049,106049,31299,74750,0,0,0,0,118263,173,-341943,24120928,23334376,40481
1,0.1.0,model-level realistic-envelope evidence; not a WAN measurement,main,digitalocean-like,west-origin,70,314327,true,per-stripe-fec,8192,14,1x,hybrid-drop,-1,1,1743925155,1798059432,709067354,1012740644,1743925155,128770,128770,54554,74216,0,0,0,0,119870,1493,-317563,23596560,23160928,47444
1,0.1.0,model-level realistic-envelope evidence; not a WAN measurement,main,digitalocean-like,west-origin,70,401261,true,per-stripe-fec,8192,15,1x,hybrid-drop,-1,1,1745251080,1797892081,722909135,1018643227,1745251080,103836,103836,29086,74750,0,0,0,0,119859,282,-265456,24121168,24120928,38051
1,0.1.0,model-level realistic-envelope evidence; not a WAN measurement,main,digitalocean-like,west-origin,70,336805,true,best-single-tree0,8192,0,1x,hybrid-drop,-1,1,1897365292,1948581730,760847028,1094348534,1897365292,74742,37371,37371,37371,0,0,0,0,129905,12524,-295936,27267136,27529320,46952
1,0.1.0,model-level realistic-envelope evidence; not a WAN measurement,main,digitalocean-like,west-origin,70,313271,true,best-single-tree0,8192,1,1x,hybrid-drop,-1,1,1900426376,1954010146,808878805,1107940128,1900426376,72428,36214,36214,36214,0,0,0,0,130267,14303,-103533,28315872,14944488,40703
1,0.1.0,model-level realistic-envelope evidence; not a WAN measurement,main,digitalocean-like,west-origin,70,301425,true,best-single-tree0,8192,2,1x,hybrid-drop,-1,1,1899795385,1955479541,795119038,1111010452,1899795385,132919,67385,67385,65534,0,0,0,0,130365,987,-235043,24645536,24645296,47647
1,0.1.0,model-level realistic-envelope evidence; not a WAN measurement,main,digitalocean-like,west-origin,70,385404,true,best-single-tree0,8192,3,1x,hybrid-drop,-1,1,1891759459,1946165895,825856166,1099157110,1891759459,65886,33725,33725,32161,0,0,0,0,129744,1768,-241855,27267136,27267136,36503
1,0.1.0,model-level realistic-envelope evidence; not a WAN measurement,main,digitalocean-like,west-origin,70,375811,true,best-single-tree0,8192,4,1x,hybrid-drop,-1,1,1898251013,1948681196,795363040,1096832356,1898251013,58836,29418,29418,29418,0,0,0,0,129912,3355,-327377,27529320,27529320,33984
1,0.1.0,model-level realistic-envelope evidence; not a WAN measurement,main,digitalocean-like,west-origin,70,503831,true,best-single-tree0,8192,5,1x,hybrid-drop,-1,1,1906869685,1957780465,818888577,1101631765,1906869685,101980,77822,77822,24158,0,0,0,0,130518,9557,-148726,26042968,25607248,39398
1,0.1.0,model-level realistic-envelope evidence; not a WAN measurement,main,digitalocean-like,west-origin,70,390772,true,best-single-tree0,8192,6,1x,hybrid-drop,-1,1,1886072372,1939506799,805784749,1097015666,1886072372,53906,26953,26953,26953,0,0,0,0,129300,701,-184135,14682464,27791584,37164
1,0.1.0,model-level realistic-envelope evidence; not a WAN measurement,main,digitalocean-like,west-origin,70,436455,true,best-single-tree0,8192,7,1x,hybrid-drop,-1,1,1910937043,1961940731,825332532,1094224162,1910937043,101266,77822,77822,23444,0,0,0,0,130796,826,-329986,25694032,25956216,37924
1,0.1.0,model-level realistic-envelope evidence; not a WAN measurement,main,digitalocean-like,west-origin,70,399318,true,best-single-tree0,8192,8,1x,hybrid-drop,-1,1,1930915106,1980858718,815141311,1110227672,1930915106,56998,31374,31374,25624,0,0,0,0,132057,1184,-317337,27791504,26742768,32021
1,0.1.0,model-level realistic-envelope evidence; not a WAN measurement,main,digitalocean-like,west-origin,70,409601,true,best-single-tree0,8192,9,1x,hybrid-drop,-1,1,1869586859,1920917530,825919247,1090478381,1869586859,64952,32813,32813,32139,0,0,0,0,128061,1294,-271535,26742768,27267136,36299
1,0.1.0,model-level realistic-envelope evidence; not a WAN measurement,main,digitalocean-like,west-origin,70,430031,true,best-single-tree0,8192,10,1x,hybrid-drop,-1,1,1894764746,1948159104,802694254,1103530727,1894764746,54700,27350,27350,27350,0,0,0,0,129877,1188,-272336,27529320,27004952,33466
1,0.1.0,model-level realistic-envelope evidence; not a WAN measurement,main,digitalocean-like,west-origin,70,336686,true,best-single-tree0,8192,11,1x,hybrid-drop,-1,1,1898051513,1948614288,794272873,1113440548,1898051513,86838,43419,43419,43419,0,0,0,0,129907,163,-265942,27267576,26218400,44595
1,0.1.0,model-level realistic-envelope evidence; not a WAN measurement,main,digitalocean-like,west-origin,70,392580,true,best-single-tree0,8192,12,1x,hybrid-drop,-1,1,1919572657,1973397774,794727280,1105745575,1919572657,62642,31321,31321,31321,0,0,0,0,131559,19528,-156457,27267136,27267136,47658
1,0.1.0,model-level realistic-envelope evidence; not a WAN measurement,main,digitalocean-like,west-origin,70,418736,true,best-single-tree0,8192,13,1x,hybrid-drop,-1,1,1883168337,1936984192,800486275,1096132764,1883168337,62598,31299,31299,31299,0,0,0,0,129132,174,-344977,27267136,27267136,39371
1,0.1.0,model-level realistic-envelope evidence; not a WAN measurement,main,digitalocean-like,west-origin,70,330317,true,best-single-tree0,8192,14,1x,hybrid-drop,-1,1,1900297267,1950364287,781693785,1094977360,1900297267,109108,54554,54554,54554,0,0,0,0,130024,1496,-253962,26742768,26045072,47451
1,0.1.0,model-level realistic-envelope evidence; not a WAN measurement,main,digitalocean-like,west-origin,70,420258,true,best-single-tree0,8192,15,1x,hybrid-drop,-1,1,1907589980,1959306274,816412549,1104337125,1907589980,59346,29673,29673,29673,0,0,0,0,130620,282,-264653,27267376,27267136,39310
1,0.1.0,model-level realistic-envelope evidence; not a WAN measurement,main,digitalocean-like,west-origin,70,326499,true,best-single-tree1,8192,0,1x,hybrid-drop,-1,1,1847445292,1899646766,816222116,1137948109,1847445292,72020,36010,36010,36010,0,0,0,0,126643,18,-298805,25694032,25956216,38301
1,0.1.0,model-level realistic-envelope evidence; not a WAN measurement,main,digitalocean-like,west-origin,70,369058,true,best-single-tree1,8192,1,1x,hybrid-drop,-1,1,1852400904,1906627900,847174805,1162457189,1852400904,46258,23129,23129,23129,0,0,0,0,127108,19486,-244514,28578056,28315872,42505
1,0.1.0,model-level realistic-envelope evidence; not a WAN measurement,main,digitalocean-like,west-origin,70,282615,true,best-single-tree1,8192,2,1x,hybrid-drop,-1,1,1856020498,1909189170,845285748,1132901803,1856020498,137630,68815,68815,68815,0,0,0,0,127279,528,-59698,19401856,18352880,47799
1,0.1.0,model-level realistic-envelope evidence; not a WAN measurement,main,digitalocean-like,west-origin,70,387462,true,best-single-tree1,8192,3,1x,hybrid-drop,-1,1,1847921949,1899931482,888523599,1128297055,1847921949,73128,36582,36546,36582,0,0,0,0,126662,1464,-208691,25169664,25169664,42187
1,0.1.0,model-level realistic-envelope evidence; not a WAN measurement,main,digitalocean-like,west-origin,70,440992,true,best-single-tree1,8192,4,1x,hybrid-drop,-1,1,1855585541,1909405000,860489911,1151529757,1855585541,44816,22408,22408,22408,0,0,0,0,127293,8534,-301100,27529320,28315872,32656
1,0.1.0,model-level realistic-envelope evidence; not a WAN measurement,main,digitalocean-like,west-origin,70,535201,true,best-single-tree1,8192,5,1x,hybrid-drop,-1,1,1848997685,1901208845,862075406,1152828025,1848997685,43124,21562,21562,21562,0,0,0,0,126747,4277,-173223,27616072,27442536,28273
1,0.1.0,model-level realistic-envelope evidence; not a WAN measurement,main,digitalocean-like,west-origin,70,373489,true,best-single-tree1,8192,6,1x,hybrid-drop,-1,1,1839883943,1893489714,847026539,1142075231,1839883943,124838,62419,62419,62419,0,0,0,0,126232,263,-229862,23858904,23072272,43080
1,0.1.0,model-level realistic-envelope evidence; not a WAN measurement,main,digitalocean-like,west-origin,70,428869,true,best-single-tree1,8192,7,1x,hybrid-drop,-1,1,1859074516,1910583896,875886809,1118599677,1859074516,76198,38099,38099,38099,0,0,0,0,127372,397,-121119,26480584,24907480,45006
1,0.1.0,model-level realistic-envelope evidence; not a WAN measurement,main,digitalocean-like,west-origin,70,398821,true,best-single-tree1,8192,8,1x,hybrid-drop,-1,1,1865388250,1919651982,851068478,1117627540,1865388250,59428,29714,29714,29714,0,0,0,0,127976,1323,-228706,28053688,26742768,29986
1,0.1.0,model-level realistic-envelope evidence; not a WAN measurement,main,digitalocean-like,west-origin,70,412917,true,best-single-tree1,8192,9,1x,hybrid-drop,-1,1,1818563922,1869892798,871261291,1122591560,1818563922,70752,35376,35376,35376,0,0,0,0,124659,1134,-240900,25694032,25431848,42140
1,0.1.0,model-level realistic-envelope evidence; not a WAN measurement,main,digitalocean-like,west-origin,70,431774,true,best-single-tree1,8192,10,1x,hybrid-drop,-1,1,1838547174,1891754534,889837517,1139264972,1838547174,60174,30091,30083,30091,0,0,0,0,126116,1528,-197528,25956216,25169664,36866
1,0.1.0,model-level realistic-envelope evidence; not a WAN measurement,main,digitalocean-like,west-origin,70,325256,true,best-single-tree1,8192,11,1x,hybrid-drop,-1,1,1851936611,1903496332,834512873,1140949575,1851936611,84798,42399,42399,42399,0,0,0,0,126899,995,-128828,16255888,26480584,47547
1,0.1.0,model-level realistic-envelope evidence; not a WAN measurement,main,digitalocean-like,west-origin,70,397965,true,best-single-tree1,8192,12,1x,hybrid-drop,-1,1,1854031921,1907587081,836863027,1162190080,1854031921,48334,24167,24167,24167,0,0,0,0,127172,19747,-119282,28315872,27267136,42963
1,0.1.0,model-level realistic-envelope evidence; not a WAN measurement,main,digitalocean-like,west-origin,70,409311,true,best-single-tree1,8192,13,1x,hybrid-drop,-1,1,1834664964,1888644369,852646275,1131673814,1834664964,78836,39418,39418,39418,0,0,0,0,125909,115,-321358,25169664,24907480,45882
1,0.1.0,model-level realistic-envelope evidence; not a WAN measurement,main,digitalocean-like,west-origin,70,391381,true,best-single-tree1,8192,14,1x,hybrid-drop,-1,1,1856178503,1906697930,817197785,1154635882,1856178503,62838,31419,31419,31419,0,0,0,0,127113,21919,-272694,28840240,28404248,30470
1,0.1.0,model-level realistic-envelope evidence; not a WAN measurement,main,digitalocean-like,west-origin,70,408388,true,best-single-tree1,8192,15,1x,hybrid-drop,-1,1,1862468024,1915926107,851860549,1130169647,1862468024,76288,38144,38144,38144,0,0,0,0,127728,95,-251487,26218640,26218400,42045
1,0.1.0,model-level realistic-envelope evidence; not a WAN measurement,straggler,digitalocean-like,west-origin,70,380563,true,carousel,8192,0,1x,hybrid-drop,0,1,8409168532,8457156971,8409168532,1018315340,1712164604,519528,519528,75155,444373,645208,0,0,0,4939,9890,-283737,117982800,115885328,52950
1,0.1.0,model-level realistic-envelope evidence; not a WAN measurement,straggler,digitalocean-like,west-origin,70,357958,true,carousel,8192,1,1x,hybrid-drop,0,1,8438135361,8469862893,8438135361,1034557086,1720865380,487925,487925,41001,446924,591760,0,0,0,4931,10613,-201915,120604640,91424709,44922
1,0.1.0,model-level realistic-envelope evidence; not a WAN measurement,straggler,digitalocean-like,west-origin,70,434541,true,carousel,8192,2,1x,hybrid-drop,0,1,8727964038,8766484900,8727964038,1034305558,1726888430,213517,213517,110155,103362,225032,0,0,0,6796,9240,-256058,107155167,120604640,55986
1,0.1.0,model-level realistic-envelope evidence; not a WAN measurement,straggler,digitalocean-like,west-origin,70,434280,true,carousel,8192,3,1x,hybrid-drop,0,1,9151264602,9188879673,9151264602,1023587602,1717229118,108443,108443,57013,51430,111541,0,0,2,9100,13088,-272053,131878552,130043264,41595
1,0.1.0,model-level realistic-envelope evidence; not a WAN measurement,straggler,digitalocean-like,west-origin,70,428912,true,carousel,8192,4,1x,hybrid-drop,0,1,9043823808,9086027088,9043823808,1022173914,1726033425,116738,116738,70543,46195,118429,0,0,2,8286,13635,-283646,130305448,128207976,47954
1,0.1.0,model-level realistic-envelope evidence; not a WAN measurement,straggler,digitalocean-like,west-origin,70,443535,true,carousel,8192,5,1x,hybrid-drop,0,1,8439863965,8467504877,8439863965,1029598477,1724435977,509330,509330,442366,66964,627350,0,0,0,5325,9558,-84025,102338512,99937432,39421
1,0.1.0,model-level realistic-envelope evidence; not a WAN measurement,straggler,digitalocean-like,west-origin,70,403706,true,carousel,8192,6,1x,hybrid-drop,0,1,8413295623,8448687106,8413295623,1017668069,1712761305,516187,516187,70210,445977,619222,0,0,0,4705,8715,-189160,101911767,111166096,57981
1,0.1.0,model-level realistic-envelope evidence; not a WAN measurement,straggler,digitalocean-like,west-origin,70,410271,true,carousel,8192,7,1x,hybrid-drop,0,1,8442597769,8481701684,8442597769,1019967073,1725431552,509277,509277,442366,66911,638332,0,0,0,5816,8124,-274087,114050040,98503615,46819
1,0.1.0,model-level realistic-envelope evidence; not a WAN measurement,straggler,digitalocean-like,west-origin,70,384701,true,carousel,8192,8,1x,hybrid-drop,0,1,10242162383,10284845729,10242162383,1038904932,1738446385,117442,117442,75616,41826,97665,0,0,4,10844,16530,-412350,149969248,148133960,32034
1,0.1.0,model-level realistic-envelope evidence; not a WAN measurement,straggler,digitalocean-like,west-origin,70,409228,true,carousel,8192,9,1x,hybrid-drop,0,1,9760786170,9795738492,9760786170,1016712687,1690974917,157744,157744,79400,78344,125817,0,0,2,10537,16569,-278463,141054992,139481888,45460
1,0.1.0,model-level realistic-envelope evidence; not a WAN measurement,straggler,digitalocean-like,west-origin,70,443809,true,carousel,8192,10,1x,hybrid-drop,0,1,9138119082,9183030785,9138119082,1031333677,1704380950,101450,101450,58927,42523,100614,0,0,2,5956,8680,-291281,131354184,127945792,33061
1,0.1.0,model-level realistic-envelope evidence; not a WAN measurement,straggler,digitalocean-like,west-origin,70,366603,true,carousel,8192,11,1x,hybrid-drop,0,1,8434614951,8468685886,8434614951,1036665966,1725005091,534926,534926,86812,448114,641432,0,0,0,5028,6763,-182646,118245424,115623144,50311
1,0.1.0,model-level realistic-envelope evidence; not a WAN measurement,straggler,digitalocean-like,west-origin,70,452333,true,carousel,8192,12,1x,hybrid-drop,0,1,9889327854,9928892107,9889327854,1030976285,1726032712,118125,118125,46414,71711,97563,0,0,4,7306,20711,-263645,143414648,140792808,47659
1,0.1.0,model-level realistic-envelope evidence; not a WAN measurement,straggler,digitalocean-like,west-origin,70,385360,true,carousel,8192,13,1x,hybrid-drop,0,1,8443752080,8477735791,8443752080,1022934631,1703396289,525410,525410,74852,450558,602281,0,0,0,5466,8167,-263253,116934064,114050040,49452
1,0.1.0,model-level realistic-envelope evidence; not a WAN measurement,straggler,digitalocean-like,west-origin,70,471974,true,carousel,8192,14,1x,hybrid-drop,0,1,9282663005,9315437608,9282663005,1021971348,1728662904,177140,177140,77770,99370,178459,0,0,3,12838,2213,-234218,134238208,132406120,47448
1,0.1.0,model-level realistic-envelope evidence; not a WAN measurement,straggler,digitalocean-like,west-origin,70,386257,true,carousel,8192,15,1x,hybrid-drop,0,1,8431237327,8467792996,8431237327,1028272829,1729491073,521629,521629,72490,449139,619267,0,0,0,5184,8939,-261402,115361200,112214752,48844
1,0.1.0,model-level realistic-envelope evidence; not a WAN measurement,cadence,digitalocean-like,west-origin,70,325409,true,carousel,8192,0,0.5x,hybrid-drop,-1,1,1700517139,1757706172,690091661,1009234832,1700517139,104952,104952,29178,75774,0,0,0,0,8166,577,-263415,24120928,24645296,36265
1,0.1.0,model-level realistic-envelope evidence; not a WAN measurement,cadence,digitalocean-like,west-origin,70,300729,true,carousel,8192,1,0.5x,hybrid-drop,-1,1,1709347187,1765271874,731851313,1022942438,1709347187,103796,103796,28022,75774,0,0,0,0,7948,76,-88352,25169664,13633568,35623
1,0.1.0,model-level realistic-envelope evidence; not a WAN measurement,cadence,digitalocean-like,west-origin,70,304987,true,carousel,8192,2,0.5x,hybrid-drop,-1,1,1714218143,1771757298,723692281,1022657753,1714218143,132918,132918,67384,65534,0,0,0,0,8724,982,-216165,22023696,21499088,43862
1,0.1.0,model-level realistic-envelope evidence; not a WAN measurement,cadence,digitalocean-like,west-origin,70,376955,true,carousel,8192,3,0.5x,hybrid-drop,-1,1,1704592509,1761207165,748624026,1013049489,1704592509,65886,65886,33725,32161,0,0,0,0,7688,1769,-247761,24120928,24120928,36507
1,0.1.0,model-level realistic-envelope evidence; not a WAN measurement,cadence,digitalocean-like,west-origin,70,370028,true,carousel,8192,4,0.5x,hybrid-drop,-1,1,1712969425,1768662673,732991730,1010512954,1712969425,61180,61180,28735,32445,0,0,0,0,9196,438,-312655,24383112,24383112,33424
1,0.1.0,model-level realistic-envelope evidence; not a WAN measurement,cadence,digitalocean-like,west-origin,70,503442,true,carousel,8192,5,0.5x,hybrid-drop,-1,1,1710379916,1769589963,744165507,1018798034,1710379916,99388,99388,75774,23614,0,0,0,0,7670,786,-134118,23421128,22461040,39387
1,0.1.0,model-level realistic-envelope evidence; not a WAN measurement,cadence,digitalocean-like,west-origin,70,381449,true,carousel,8192,6,0.5x,hybrid-drop,-1,1,1698421417,1756263001,720302210,1009178133,1698421417,102338,102338,26564,75774,0,0,0,0,9180,706,-210931,13371544,24383192,36380
1,0.1.0,model-level realistic-envelope evidence; not a WAN measurement,cadence,digitalocean-like,west-origin,70,440498,true,carousel,8192,7,0.5x,hybrid-drop,-1,1,1712760846,1769194901,746640997,1009805177,1712760846,98641,98641,75774,22867,0,0,0,0,8259,829,-319641,22547824,23072192,37926
1,0.1.0,model-level realistic-envelope evidence; not a WAN measurement,cadence,digitalocean-like,west-origin,70,391024,true,carousel,8192,8,0.5x,hybrid-drop,-1,1,1725942837,1783839452,730502398,1024957953,1725942837,56323,56323,30792,25531,0,0,0,0,8948,1183,-302308,25169664,23596560,27249
1,0.1.0,model-level realistic-envelope evidence; not a WAN measurement,cadence,digitalocean-like,west-origin,70,421949,true,carousel,8192,9,0.5x,hybrid-drop,-1,1,1678121734,1732668904,739261188,1006323504,1678121734,64948,64948,32812,32136,0,0,0,0,6489,1294,-256068,24120928,24120928,36296
1,0.1.0,model-level realistic-envelope evidence; not a WAN measurement,cadence,digitalocean-like,west-origin,70,428679,true,carousel,8192,10,0.5x,hybrid-drop,-1,1,1692732435,1749605751,765423725,1019406537,1692732435,56832,56832,27324,29508,0,0,0,0,5818,1189,-258140,24645296,23858744,33499
1,0.1.0,model-level realistic-envelope evidence; not a WAN measurement,cadence,digitalocean-like,west-origin,70,342568,true,carousel,8192,11,0.5x,hybrid-drop,-1,1,1712333813,1766217596,712638497,1027124889,1712333813,119193,119193,43419,75774,0,0,0,0,7716,164,-140814,24121368,23072192,44573
1,0.1.0,model-level realistic-envelope evidence; not a WAN measurement,cadence,digitalocean-like,west-origin,70,389544,true,carousel,8192,12,0.5x,hybrid-drop,-1,1,1712344712,1767577457,707783348,1018664399,1712344712,55918,55918,30506,25412,0,0,0,0,7995,300,-143267,24645296,24120928,28545
1,0.1.0,model-level realistic-envelope evidence; not a WAN measurement,cadence,digitalocean-like,west-origin,70,393170,true,carousel,8192,13,0.5x,hybrid-drop,-1,1,1689901281,1747091812,737349420,1010351421,1689901281,107072,107072,31298,75774,0,0,0,0,7422,173,-341943,24120928,23334376,40485
1,0.1.0,model-level realistic-envelope evidence; not a WAN measurement,cadence,digitalocean-like,west-origin,70,316889,true,carousel,8192,14,0.5x,hybrid-drop,-1,1,1715990571,1775147878,708971354,1012649766,1715990571,128767,128767,54552,74215,0,0,0,0,8851,1499,-317563,23596560,23160928,47439
1,0.1.0,model-level realistic-envelope evidence; not a WAN measurement,cadence,digitalocean-like,west-origin,70,396192,true,carousel,8192,15,0.5x,hybrid-drop,-1,1,1716819466,1773441405,722813291,1018554034,1716819466,104860,104860,29086,75774,0,0,0,0,8799,280,-265456,24121168,24120928,38063
1,0.1.0,model-level realistic-envelope evidence; not a WAN measurement,cadence,digitalocean-like,west-origin,70,325409,true,carousel,8192,0,1x,hybrid-drop,-1,1,1700516988,1761705022,690091661,1009232283,1700516988,104952,104952,29178,75774,0,0,0,0,8903,578,-263415,24120928,24645296,36265
1,0.1.0,model-level realistic-envelope evidence; not a WAN measurement,cadence,digitalocean-like,west-origin,70,300730,true,carousel,8192,1,1x,hybrid-drop,-1,1,1709345380,1768708729,731851313,1022942873,1709345380,103796,103796,28022,75774,0,0,0,0,8996,77,-88352,25169664,13633568,35619
1,0.1.0,model-level realistic-envelope evidence; not a WAN measurement,cadence,digitalocean-like,west-origin,70,304987,true,carousel,8192,2,1x,hybrid-drop,-1,1,1714216430,1775757585,723691943,1022656454,1714216430,132918,132918,67384,65534,0,0,0,0,8837,982,-216165,22023696,21499088,43861
1,0.1.0,model-level realistic-envelope evidence; not a WAN measurement,cadence,digitalocean-like,west-origin,70,376955,true,carousel,8192,3,1x,hybrid-drop,-1,1,1704592497,1765404204,748623226,1013052466,1704592497,65886,65886,33725,32161,0,0,0,0,9692,1769,-247761,24120928,24120928,36507
1,0.1.0,model-level realistic-envelope evidence; not a WAN measurement,cadence,digitalocean-like,west-origin,70,370028,true,carousel,8192,4,1x,hybrid-drop,-1,1,1712969425,1773471708,732991730,1010511354,1712969425,61181,61181,28735,32446,0,0,0,0,9613,437,-312655,24383112,24383112,33426
1,0.1.0,model-level realistic-envelope evidence; not a WAN measurement,cadence,digitalocean-like,west-origin,70,503442,true,carousel,8192,5,1x,hybrid-drop,-1,1,1710379916,1772661965,744165507,1018794982,1710379916,99388,99388,75774,23614,0,0,0,0,8983,786,-134118,23421128,22461040,39387
1,0.1.0,model-level realistic-envelope evidence; not a WAN measurement,cadence,digitalocean-like,west-origin,70,381450,true,carousel,8192,6,1x,hybrid-drop,-1,1,1698420244,1760263828,720301906,1009174133,1698420244,102338,102338,26564,75774,0,0,0,0,9519,704,-210931,13371544,24383192,36379
1,0.1.0,model-level realistic-envelope evidence; not a WAN measurement,cadence,digitalocean-like,west-origin,70,440498,true,carousel,8192,7,1x,hybrid-drop,-1,1,1712762512,1773196588,746640997,1009811662,1712762512,98637,98637,75774,22863,0,0,0,0,9370,827,-319641,22547824,23072192,37907
1,0.1.0,model-level realistic-envelope evidence; not a WAN measurement,cadence,digitalocean-like,west-origin,70,391024,true,carousel,8192,8,1x,hybrid-drop,-1,1,1725940972,1787661157,730502398,1024957766,1725940972,56324,56324,30792,25532,0,0,0,0,8949,1183,-302308,25169664,23596560,27246
1,0.1.0,model-level realistic-envelope evidence; not a WAN measurement,cadence,digitalocean-like,west-origin,70,421950,true,carousel,8192,9,1x,hybrid-drop,-1,1,1678115032,1737336086,739259588,1006316852,1678115032,64951,64951,32813,32138,0,0,0,0,9175,1294,-256068,24120928,24120928,36305
1,0.1.0,model-level realistic-envelope evidence; not a WAN measurement,cadence,digitalocean-like,west-origin,70,428679,true,carousel,8192,10,1x,hybrid-drop,-1,1,1692733011,1754134185,765423725,1019404259,1692733011,56831,56831,27324,29507,0,0,0,0,9094,1189,-258140,24645296,23858744,33499
1,0.1.0,model-level realistic-envelope evidence; not a WAN measurement,cadence,digitalocean-like,west-origin,70,342568,true,carousel,8192,11,1x,hybrid-drop,-1,1,1712333924,1770215888,712637697,1027125209,1712333924,119193,119193,43419,75774,0,0,0,0,9558,164,-140814,24121368,23072192,44588
1,0.1.0,model-level realistic-envelope evidence; not a WAN measurement,cadence,digitalocean-like,west-origin,70,389544,true,carousel,8192,12,1x,hybrid-drop,-1,1,1712344712,1771577457,707783056,1018664239,1712344712,55918,55918,30506,25412,0,0,0,0,8895,300,-143267,24645296,24120928,28544
1,0.1.0,model-level realistic-envelope evidence; not a WAN measurement,cadence,digitalocean-like,west-origin,70,393170,true,carousel,8192,13,1x,hybrid-drop,-1,1,1689900289,1751045793,737349420,1010346272,1689900289,107073,107073,31299,75774,0,0,0,0,9152,173,-341943,24120928,23334376,40477
1,0.1.0,model-level realistic-envelope evidence; not a WAN measurement,cadence,digitalocean-like,west-origin,70,316890,true,carousel,8192,14,1x,hybrid-drop,-1,1,1715990260,1778134383,708971354,1012647886,1715990260,128768,128768,54553,74215,0,0,0,0,9108,1494,-317563,23596560,23160928,47442
1,0.1.0,model-level realistic-envelope evidence; not a WAN measurement,cadence,digitalocean-like,west-origin,70,396192,true,carousel,8192,15,1x,hybrid-drop,-1,1,1716819509,1777441145,722813135,1018550722,1716819509,104860,104860,29086,75774,0,0,0,0,9279,281,-265456,24121168,24120928,38064
1,0.1.0,model-level realistic-envelope evidence; not a WAN measurement,cadence,digitalocean-like,west-origin,70,325409,true,carousel,8192,0,2x,hybrid-drop,-1,1,1700516604,1769706117,690091661,1009233726,1700516604,104952,104952,29178,75774,0,0,0,0,9569,578,-228033,24120928,24645296,36262
1,0.1.0,model-level realistic-envelope evidence; not a WAN measurement,cadence,digitalocean-like,west-origin,70,300730,true,carousel,8192,1,2x,hybrid-drop,-1,1,1709345744,1776708729,731851313,1022942377,1709345744,103796,103796,28022,75774,0,0,0,0,9607,76,-88352,25169664,13633568,35622
1,0.1.0,model-level realistic-envelope evidence; not a WAN measurement,cadence,digitalocean-like,west-origin,70,304987,true,carousel,8192,2,2x,hybrid-drop,-1,1,1714216664,1783756691,723691943,1022660422,1714216664,132919,132919,67385,65534,0,0,0,0,9313,986,-216165,22023696,21499088,43878
1,0.1.0,model-level realistic-envelope evidence; not a WAN measurement,cadence,digitalocean-like,west-origin,70,376953,true,carousel,8192,3,2x,hybrid-drop,-1,1,1704597806,1774164252,748622890,1013053721,1704597806,65886,65886,33725,32161,0,0,0,0,9555,1768,-247761,24120928,24120928,36505
1,0.1.0,model-level realistic-envelope evidence; not a WAN measurement,cadence,digitalocean-like,west-origin,70,370028,true,carousel,8192,4,2x,hybrid-drop,-1,1,1712969425,1780662924,732991730,1010510554,1712969425,61181,61181,28735,32446,0,0,0,0,9678,437,-312655,24383112,24383112,33426
1,0.1.0,model-level realistic-envelope evidence; not a WAN measurement,cadence,digitalocean-like,west-origin,70,503442,true,carousel,8192,5,2x,hybrid-drop,-1,1,1710379916,1780663914,744165507,1018794117,1710379916,99390,99390,75774,23616,0,0,0,0,9498,785,-134118,23421128,22461040,39401
1,0.1.0,model-level realistic-envelope evidence; not a WAN measurement,cadence,digitalocean-like,west-origin,70,381449,true,carousel,8192,6,2x,hybrid-drop,-1,1,1698422906,1768262285,720301602,1009173487,1698422906,102339,102339,26565,75774,0,0,0,0,9383,703,-210931,13371544,24383192,36375
1,0.1.0,model-level realistic-envelope evidence; not a WAN measurement,cadence,digitalocean-like,west-origin,70,440498,true,carousel,8192,7,2x,hybrid-drop,-1,1,1712760416,1781194901,746640997,1009814302,1712760416,98639,98639,75774,22865,0,0,0,0,9593,826,-319641,22547824,23072192,37916
1,0.1.0,model-level realistic-envelope evidence; not a WAN measurement,cadence,digitalocean-like,west-origin,70,391024,true,carousel,8192,8,2x,hybrid-drop,-1,1,1725943122,1796807538,730502398,1024959833,1725943122,56326,56326,30793,25533,0,0,0,0,9528,1184,-302308,25169664,23596560,27256
1,0.1.0,model-level realistic-envelope evidence; not a WAN measurement,cadence,digitalocean-like,west-origin,70,421950,true,carousel,8192,9,2x,hybrid-drop,-1,1,1678117005,1744667265,739258788,1006319348,1678117005,64951,64951,32813,32138,0,0,0,0,9291,1294,-256068,24120928,24120928,36298
1,0.1.0,model-level realistic-envelope evidence; not a WAN measurement,cadence,digitalocean-like,west-origin,70,428678,true,carousel,8192,10,2x,hybrid-drop,-1,1,1692737363,1761503230,765423725,1019402959,1692737363,56832,56832,27324,29508,0,0,0,0,9094,1189,-258140,24645296,23858744,33498
1,0.1.0,model-level realistic-envelope evidence; not a WAN measurement,cadence,digitalocean-like,west-origin,70,342568,true,carousel,8192,11,2x,hybrid-drop,-1,1,1712333827,1778218090,712636897,1027125273,1712333827,119193,119193,43419,75774,0,0,0,0,9662,165,-140814,24121368,23072192,44596
1,0.1.0,model-level realistic-envelope evidence; not a WAN measurement,cadence,digitalocean-like,west-origin,70,389544,true,carousel,8192,12,2x,hybrid-drop,-1,1,1712344712,1780110398,707783056,1018664239,1712344712,55918,55918,30506,25412,0,0,0,0,9499,300,-143267,24645296,24120928,28543
1,0.1.0,model-level realistic-envelope evidence; not a WAN measurement,cadence,digitalocean-like,west-origin,70,393169,true,carousel,8192,13,2x,hybrid-drop,-1,1,1689903441,1758975452,737348620,1010345673,1689903441,107073,107073,31299,75774,0,0,0,0,9251,173,-341943,24120928,23334376,40481
1,0.1.0,model-level realistic-envelope evidence; not a WAN measurement,cadence,digitalocean-like,west-origin,70,316890,true,carousel,8192,14,2x,hybrid-drop,-1,1,1715988071,1786658366,708971354,1012644999,1715988071,128770,128770,54554,74216,0,0,0,0,9578,1493,-317563,23596560,23160928,47445
1,0.1.0,model-level realistic-envelope evidence; not a WAN measurement,cadence,digitalocean-like,west-origin,70,396192,true,carousel,8192,15,2x,hybrid-drop,-1,1,1716819073,1785441492,722813135,1018549122,1716819073,104860,104860,29086,75774,0,0,0,0,9888,280,-265456,24121168,24120928,38056
